"Site","Year","Bosque","Periodo","Species","Degree","Specialization","Closeness","nestedcontribution"
"Doñana","2020","Pinar Puebla","1","Cistus ladanifer",0.111111111111111,0.0316831683168317,0,-0.0368405803935214
"Doñana","2020","Pinar Puebla","1","Cistus salvifolius",0.222222222222222,0,1,-1.42376843820762
"Doñana","2020","Pinar Puebla","1","Lavandula stoechas",0.111111111111111,0.0196972078160197,0.647389321559071,-0.129032570972123
"Doñana","2020","Pinar Puebla","1","Rosmarinus officinalis",0.777777777777778,0.151949888866438,0.410043723977943,0.788215686581174
"Doñana","2020","Pinar Puebla","2","Anemone palmata",0.222222222222222,0.0326933056564608,0.306573596382729,-0.374877035505509
"Doñana","2020","Pinar Puebla","2","Asphodelus fistulosus",0.111111111111111,0.0202182284980745,0.486229573179367,-0.0111675557952405
"Doñana","2020","Pinar Puebla","2","Cistus salvifolius",0.555555555555556,0.128048780487805,0.14581844978517,0.972225294097896
"Doñana","2020","Pinar Puebla","2","Lavandula stoechas",0.111111111111111,0,1,-1.17909983700388
"Doñana","2020","Pinar Puebla","2","Rosmarinus officinalis",0.555555555555556,0.352427836204968,0.386484142916166,0.73511506640195
"Doñana","2020","Pinar Puebla","3","Cistus crispus",0.2,0.0306377964354102,0.70607025209128,-0.436572930059258
"Doñana","2020","Pinar Puebla","3","Cistus ladanifer",0.266666666666667,0.111446482470397,0.0880191092749173,0.800844023551239
"Doñana","2020","Pinar Puebla","3","Cistus salvifolius",0.6,0.184826491797158,0.205205113338848,2.3458063963349
"Doñana","2020","Pinar Puebla","3","Echium plantagineum",0.133333333333333,0.0974124809741248,0.0835819922324895,-0.570785905503876
"Doñana","2020","Pinar Puebla","3","Genista hirsuta",0.0666666666666667,0.0306377964354102,0.340609326160269,0.0810933718190291
"Doñana","2020","Pinar Puebla","3","Lavandula stoechas",0.4,0.149776261422669,0.404108512050761,1.67035844324433
"Doñana","2020","Pinar Puebla","3","Leontodon hispidus",0.133333333333333,0.0547945205479452,0.0733285664199825,-0.466877313694867
"Doñana","2020","Pinar Puebla","3","Rosmarinus officinalis",0.333333333333333,0.216795711733174,0.247431990699768,1.15485937280214
"Doñana","2020","Pinar Puebla","4","Cistus crispus",0.166666666666667,0,1,-0.760262476381565
"Doñana","2020","Pinar Puebla","4","Cistus salvifolius",0.166666666666667,0,1,-0.660697343985708
"Doñana","2020","Pinar Puebla","4","Galactite tomentosa",0.5,1,0.725565459249965,0.493225584276437
"Doñana","2020","Pinar Puebla","4","Leontodon hispidus",0.333333333333333,1,0.698970004336019,0.313039563678822
"Doñana","2020","Pinar Puebla","5","Echium plantagineum",0.142857142857143,0.0588235294117647,0,0.281484456860453
"Doñana","2020","Pinar Puebla","5","Galactite tomentosa",0.428571428571429,0.144385026737968,0.561661053416109,-0.113845871584963
"Doñana","2020","Pinar Puebla","5","Lavandula stoechas",0.142857142857143,0.132352941176471,0.649149872836091,0.157178878398947
"Doñana","2020","Pinar Puebla","5","Leontodon hispidus",0.571428571428571,0.132352941176471,0.233749174145425,1.00146678965186
"Doñana","2020","Pinar Puebla","5","Tolpis barbata",0.285714285714286,0.0756302521008403,0.649149872836091,-0.116256558079164
"Doñana","2020","Pinar Puebla","6","Lavandula stoechas",0.666666666666667,0,1,-1.28005766237148
"Doñana","2020","Pinar Puebla","6","Malva hispanica",0.333333333333333,1,0,-1.00503781525921
"Doñana","2020","Pinar Puebla","6","Tuberaria guttata",0.333333333333333,1,0,-1.11237302078652
"Doñana","2020","Pinar Hinojos","1","Halimium commutatum",0.875,1.75,0.510086910923171,-0.0351783023692368
"Doñana","2020","Pinar Hinojos","1","Romulea bulbocodium",0.25,0.25,0.586088575743128,-1.93830357909491
"Doñana","2020","Pinar Hinojos","2","Anemone palmata",0.166666666666667,NA,1,-1.29322842979084
"Doñana","2020","Pinar Hinojos","2","Genista hirsuta",0.166666666666667,NA,1,-1.4193856369686
"Doñana","2020","Pinar Hinojos","2","Halimium calycinum",0.666666666666667,NA,1,-1.20464603190222
"Doñana","2020","Pinar Hinojos","3","Cistus albidus",0.125,0.375,0.226294385530917,-1.11242299847285
"Doñana","2020","Pinar Hinojos","3","Echium plantagineum",0.125,0,1,-1.77240593887806
"Doñana","2020","Pinar Hinojos","3","Halimium calycinum",0.125,0.375,0.226294385530917,-1.23197520383672
"Doñana","2020","Pinar Hinojos","3","Leontodon hispidus",0.875,0.75,0.44211410869774,0.145326979728335
"Doñana","2020","Pinar Hinojos","4","Anthemis arvensis",0.5,0.115384615384615,0.421572025768018,0.737805223620535
"Doñana","2020","Pinar Hinojos","4","Cistus libanotis",0.166666666666667,0.416666666666667,0.61670361567064,-0.0375120558346
"Doñana","2020","Pinar Hinojos","4","Cistus salvifolius",0.166666666666667,0.25,0.442344631008066,-0.0863825124635046
"Doñana","2020","Pinar Hinojos","4","Leontodon hispidus",1,0.120689655172414,0.527717770195824,1.66408355238208
"Doñana","2020","Pinar Hinojos","5","Anthemis arvensis",0.5,0.25,0.0518184480246397,1.18336169979429
"Doñana","2020","Pinar Hinojos","5","Leontodon hispidus",1,1.75,0.000949562010252182,0.671771896322885
"Doñana","2020","Pinar Hinojos","6","Anthemis arvensis",0.166666666666667,NA,NA,-1.5420325723603
"Doñana","2020","Pinar Hinojos","6","Leontodon hispidus",0.5,NA,NA,-1.16601905814235
"Doñana","2020","Pinar Hinojos","6","Muscari comosum",0.333333333333333,NA,NA,-1.55110571455741
"Doñana","2020","Villamanrique Chaparral","1","Asphodelus fistulosus",0.444444444444444,0.0857142857142857,0.212963170635489,0.720179320869254
"Doñana","2020","Villamanrique Chaparral","1","Narcissus papyraceus",0.222222222222222,0.0489795918367347,0.872020987595092,-1.11091596605719
"Doñana","2020","Villamanrique Chaparral","1","Rosmarinus officinalis",0.666666666666667,0.107142857142857,0.555211867800157,0.172661739962871
"Doñana","2020","Villamanrique Chaparral","2","Asphodelus fistulosus",0.375,0.133333333333333,0.56424441280702,-0.89310532596931
"Doñana","2020","Villamanrique Chaparral","2","Rosmarinus officinalis",0.75,1.86666666666667,0.727206082537559,-0.726408808937958
"Doñana","2020","Villamanrique Chaparral","3","Anthemis arvensis",0.222222222222222,0.0495177190143627,0.515254983692734,-0.0755788734802109
"Doñana","2020","Villamanrique Chaparral","3","Cistus crispus",0.444444444444444,0.346408406779322,0.385838049799097,1.05956300309484
"Doñana","2020","Villamanrique Chaparral","3","Cistus salvifolius",0.444444444444444,0.269855721339746,0.70195643574669,0.707414495585682
"Doñana","2020","Villamanrique Chaparral","3","Echium plantagineum",0.444444444444444,0.122523654642224,0.424691425568198,1.04364182819076
"Doñana","2020","Villamanrique Chaparral","3","Leontodon hispidus",0.666666666666667,0.236942551930857,0.507198865098268,1.61100106620299
"Doñana","2020","Villamanrique Chaparral","3","Tuberaria guttata",0.111111111111111,0.0282711127220007,0,1.5353928183202
"Doñana","2020","Villamanrique Chaparral","4","Andryala integrifolia",0.2,0.112531969309463,0.65573611692278,0.334952329630687
"Doñana","2020","Villamanrique Chaparral","4","Anthemis arvensis",0.133333333333333,0,0.58188080631382,-0.332499507551569
"Doñana","2020","Villamanrique Chaparral","4","Cistus crispus",0.333333333333333,0.229565217391304,0.649568139518281,0.225584529545545
"Doñana","2020","Villamanrique Chaparral","4","Cistus salvifolius",0.0666666666666667,0,0.903119070533486,-0.209200238260294
"Doñana","2020","Villamanrique Chaparral","4","Echium plantagineum",0.2,0.189723320158103,0.373595064063186,0.464872667443352
"Doñana","2020","Villamanrique Chaparral","4","Leontodon hispidus",0.4,0.107023411371237,0.87937633314988,0.270872970768067
"Doñana","2020","Villamanrique Chaparral","5","Andryala integrifolia",0.444444444444444,0.0898155573376103,0.176818202008945,0.903070710633978
"Doñana","2020","Villamanrique Chaparral","5","Cistus crispus",0.222222222222222,0.0973630831643002,0.119906233284066,-0.505674173241625
"Doñana","2020","Villamanrique Chaparral","5","Cistus salvifolius",0.222222222222222,0,1,-1.02977310439148
"Doñana","2020","Villamanrique Chaparral","5","Echium plantagineum",0.444444444444444,0.340770791075051,0.346198297902565,0.820345924083487
"Doñana","2020","Villamanrique Chaparral","5","Galactite tomentosa",0.222222222222222,0.114714919767839,0.0497655832101643,0.0245019650138796
"Doñana","2020","Villamanrique Chaparral","5","Leontodon hispidus",0.333333333333333,0.0551724137931034,0.479090914859699,-0.0851638363074573
"Doñana","2020","Villamanrique Chaparral","5","Lysimachia arvensis",0.111111111111111,0.0526645768025078,0.520375066863737,0.461580958968409
"Doñana","2020","Villamanrique Chaparral","6","Andryala integrifolia",0.5,0.333333333333333,0.093794932357652,0.906745893598275
"Doñana","2020","Villamanrique Chaparral","6","Anthemis arvensis",0.166666666666667,0.125,0,0.122121793418934
"Doñana","2020","Villamanrique Chaparral","6","Asphodelus fistulosus",0.166666666666667,0.142857142857143,0.643792812891978,-0.0554201112499889
"Doñana","2020","Villamanrique Chaparral","6","Cistus salvifolius",0.166666666666667,0.2,0.0505981401487742,0.0533884156789292
"Doñana","2020","Villamanrique Chaparral","6","Cynara humilis",0.166666666666667,0,1,-0.87853890306123
"Doñana","2020","Villamanrique Chaparral","6","Echium plantagineum",0.333333333333333,0,1,-1.04082075471777
"Doñana","2020","Villamanrique Sur","2","Cistus salvifolius",0.333333333333333,NA,1,-2.029708139245
"Doñana","2020","Villamanrique Sur","2","Rosmarinus officinalis",0.666666666666667,NA,1,-1.56227238132894
"Doñana","2020","Villamanrique Sur","3","Anemone palmata",0.1,0.136363636363636,0.0642150259807986,-0.657115411423722
"Doñana","2020","Villamanrique Sur","3","Cistus salvifolius",0.8,0.9375,0.322417331449166,0.732944458516401
"Doñana","2020","Villamanrique Sur","3","Halimium halimifolium",0.4,0.314685314685315,0.344962759977224,-0.428261053363231
"Doñana","2020","Villamanrique Sur","4","Anemone palmata",0.1,0,1,-1.12072086403645
"Doñana","2020","Villamanrique Sur","4","Cistus salvifolius",0.8,0.3,0.423192429896938,1.86128017241901
"Doñana","2020","Villamanrique Sur","4","Halimium halimifolium",0.1,0.15,0.207518749639422,-0.0913809729413134
"Doñana","2020","Villamanrique Sur","4","Leontodon hispidus",0.1,0.25,0.673657673906779,-0.027550014009433
"Doñana","2020","Villamanrique Sur","4","Silene colorata",0.2,0.166666666666667,0.72105705434887,-0.170745073677326
"Doñana","2020","Villamanrique Sur","5","Andryala integrifolia",0.125,0,0,-1.52380462391346
"Doñana","2020","Villamanrique Sur","5","Cistus salvifolius",0.875,0.75,0.5,0.332381670182712
"Doñana","2020","Villamanrique Sur","5","Halimium halimifolium",0.125,0.375,0,-1.04556653333123
"Doñana","2020","Villamanrique Sur","5","Leontodon hispidus",0.125,0,0.688721875540867,-1.43408580789446
"Doñana","2020","Villamanrique Sur","5","Silene colorata",0.125,0.375,0,-1.10702284839487
"Doñana","2020","Villamanrique Sur","6","Andryala integrifolia",0.75,0.5,0.369070246428543,1.09622579631103
"Doñana","2020","Villamanrique Sur","6","Cistus salvifolius",0.125,0,1,-0.951103734364739
"Doñana","2020","Villamanrique Sur","6","Halimium halimifolium",0.25,0.333333333333333,0.613147192765458,-0.14657350829463
"Doñana","2020","Villamanrique Sur","6","Scolymus hispanicus",0.125,0.333333333333333,0.369070246428543,0.129656059242655
"Doñana","2020","Pinar Aznalcazar","2","Cistus albidus",0.2,0.117647058823529,0,-0.598050360401732
"Doñana","2020","Pinar Aznalcazar","2","Rosmarinus officinalis",1,1.88235294117647,0,1.17074380333998
"Doñana","2020","Pinar Aznalcazar","3","Cistus albidus",0.5,0.0988202000114729,0.273040974184224,0.801001152450407
"Doñana","2020","Pinar Aznalcazar","3","Cistus salvifolius",0.125,0.0737327188940092,0.14104693352182,-0.939888474277235
"Doñana","2020","Pinar Aznalcazar","3","Convolvulus arvensis",0.125,0.0365591397849462,0.557870541084993,-1.15775857690785
"Doñana","2020","Pinar Aznalcazar","3","Galactite tomentosa",0.125,0.0829401380195795,0.716196277383176,-1.32629067207
"Doñana","2020","Pinar Aznalcazar","3","Leontodon hispidus",0.75,0.0510127531882971,0.567811391993583,0.582622233113878
"Doñana","2020","Pinar Aznalcazar","3","Oxalis pes-caprae",0.125,0.0459888765294772,0.557870541084993,-1.25479283659514
"Doñana","2020","Pinar Aznalcazar","4","Cistus crispus",0.181818181818182,0.666666666666667,0.386852807234542,-1.07213070357332
"Doñana","2020","Pinar Aznalcazar","4","Convolvulus arvensis",0.181818181818182,0,1,-1.61462113089836
"Doñana","2020","Pinar Aznalcazar","4","Galactite tomentosa",0.272727272727273,1.33333333333333,0.673657673906779,-0.852977980009349
"Doñana","2020","Pinar Aznalcazar","4","Leontodon hispidus",0.454545454545455,0,1,-1.23858003966306
"Doñana","2020","Pinar Aznalcazar","5","Calendula arvensis",0.2,0,1,-0.531232714033228
"Doñana","2020","Pinar Aznalcazar","5","Cistus albidus",0.2,0,1,-0.574011815557158
"Doñana","2020","Pinar Aznalcazar","5","Cistus crispus",0.2,0,1,-0.565850076120802
"Doñana","2020","Pinar Aznalcazar","5","Galactite tomentosa",0.2,1,0,0.815902388532551
"Doñana","2020","Pinar Aznalcazar","5","Leontodon hispidus",0.4,1,0,0.285453405579542
"Doñana","2020","Pinar Aznalcazar","6","Cistus crispus",0.5,0,1,-0.609271795844943
"Doñana","2020","Pinar Aznalcazar","6","Leontodon hispidus",0.5,1,0,-0.609271795844942
"Doñana","2020","Pinar Aznalcazar","6","Malva hispanica",0.5,1,0,-0.453015409583959
"Doñana","2021","Pinar Aznalcazar","1","Cistus salviifolius",1,0.0348837209302326,0.767183622828938,2.04667369555642
"Doñana","2021","Pinar Aznalcazar","1","Lavandula stoechas",0.142857142857143,0.453488372093023,0.089280468239342,-1.67314662573392
"Doñana","2021","Pinar Aznalcazar","1","Rosmarinus officinalis",0.142857142857143,1.01162790697674,0.306450844634576,-1.65639881757675
"Doñana","2021","Pinar Aznalcazar","2","Cistus salviifolius",1,0.0517241379310345,0.778871148095346,2.14270438725973
"Doñana","2021","Pinar Aznalcazar","2","Lavandula stoechas",0.1,0.982758620689655,0.472392317575995,-1.92141013953432
"Doñana","2021","Pinar Aznalcazar","2","Rosmarinus officinalis",0.1,0.46551724137931,0.168228024673961,-2.21391087587389
"Doñana","2021","Pinar Aznalcazar","3","Cistus salviifolius",0.692307692307692,0.230769230769231,0.589914951040399,-0.849839392958666
"Doñana","2021","Pinar Aznalcazar","3","Lavandula stoechas",0.307692307692308,1.21153846153846,0.767043828230251,-2.38113896284152
"Doñana","2021","Pinar Aznalcazar","3","Rosmarinus officinalis",0.153846153846154,0.0576923076923077,0.414083244786221,-2.015973909698
"Doñana","2021","Pinar Aznalcazar","4","Cistus ladanifer",0.333333333333333,0.121212121212121,0.488292780875542,0.182643512075567
"Doñana","2021","Pinar Aznalcazar","4","Cistus salviifolius",0.555555555555556,0.290909090909091,0.385281867234438,0.996086943666815
"Doñana","2021","Pinar Aznalcazar","4","Genista hirsuta",0.111111111111111,0.363636363636364,0.197317513939938,1.0954500341643
"Doñana","2021","Pinar Aznalcazar","4","Lavandula stoechas",0.333333333333333,0.519480519480519,0.267369635777969,0.592150741967161
"Doñana","2021","Pinar Aznalcazar","4","Rosmarinus officinalis",0.111111111111111,0,1,-1.35223111746995
"Doñana","2021","Pinar Aznalcazar","5","Aetheorhiza bulbosa",0.125,0,0.791985402323491,0.0859598869232688
"Doñana","2021","Pinar Aznalcazar","5","Cistus crispus",0.3125,0.185185185185185,0.687978103485236,0.368998448008325
"Doñana","2021","Pinar Aznalcazar","5","Cistus salviifolius",0.375,0.2,0.502713688725326,1.02425135123181
"Doñana","2021","Pinar Aznalcazar","5","Echium plantagineum",0.0625,0.142857142857143,0,0.558632507209446
"Doñana","2021","Pinar Aznalcazar","5","Galactites tomentosus",0.0625,0,1,-1.20426996196167
"Doñana","2021","Pinar Aznalcazar","5","Halimium halimifolium",0.1875,0,0.827804566205902,0.131860844857714
"Doñana","2021","Pinar Aznalcazar","5","Lavandula stoechas",0.1875,0.454545454545455,0.643553035773739,0.589128370553736
"Doñana","2021","Pinar Aznalcazar","6","Aetheorhiza bulbosa",0.272727272727273,0.0833953834698436,0.858104463502083,-0.295674896794288
"Doñana","2021","Pinar Aznalcazar","6","Cistus crispus",0.727272727272727,0.219607843137255,0.529553113807908,2.30138934819629
"Doñana","2021","Pinar Aznalcazar","6","Cistus salviifolius",0.181818181818182,0.0915032679738562,0.8,-0.335915678306387
"Doñana","2021","Pinar Aznalcazar","6","Echium plantagineum",0.0909090909090909,0.129181084198385,0.6,-0.31918786339606
"Doñana","2021","Pinar Aznalcazar","6","Galactites tomentosus",0.0909090909090909,0.0784313725490196,0,-0.432254375099683
"Doñana","2021","Pinar Aznalcazar","7","Aetheorhiza bulbosa",0.166666666666667,0.107142857142857,0.609052145992766,-0.300730148624628
"Doñana","2021","Pinar Aznalcazar","7","Andryala arenaria",0.0833333333333333,0,0.72105705434887,-1.18448055650962
"Doñana","2021","Pinar Aznalcazar","7","Cistus crispus",0.75,0.589285714285714,0.704251161654075,0.828079290507005
"Doñana","2021","Pinar Aznalcazar","7","Halimium halimifolium",0.0833333333333333,0,0.72105705434887,-1.3099429672786
"Doñana","2021","Pinar Aznalcazar","7","Lavandula stoechas",0.0833333333333333,0.119565217391304,0.44211410869774,0.155217929661444
"Doñana","2021","Pinar Aznalcazar","7","Tolpis barbata",0.0833333333333333,0,1,-1.33023413500873
"Doñana","2021","Pinar Aznalcazar","8","Aetheorhiza bulbosa",0.133333333333333,NA,1,-2.19528365864822
"Doñana","2021","Pinar Aznalcazar","8","Cistus crispus",0.733333333333333,NA,1,-1.79370569948296
"Doñana","2021","Pinar Aznalcazar","8","Echium plantagineum",0.0666666666666667,NA,1,-1.84300517653559
"Doñana","2021","Pinar Aznalcazar","8","Tolpis barbata",0.0666666666666667,NA,1,-1.63603697621636
"Doñana","2021","Pinar Hinojos","1","Halimium calycinum",0.777777777777778,NA,0.999999999999999,-1.44047448692399
"Doñana","2021","Pinar Hinojos","1","Oxalis pes-caprae",0.111111111111111,NA,1,-1.85014420048216
"Doñana","2021","Pinar Hinojos","1","Ulex australis",0.111111111111111,NA,1,-1.84958999084353
"Doñana","2021","Pinar Hinojos","2","Brassica barrelieri",0.111111111111111,0.5,0.287585625783956,0.225089145322966
"Doñana","2021","Pinar Hinojos","2","Halimium calycinum",0.555555555555556,1.5,0.792898788375697,0.0861360540155604
"Doñana","2021","Pinar Hinojos","2","Oxalis pes-caprae",0.111111111111111,0,1,-1.19516527326228
"Doñana","2021","Pinar Hinojos","2","Retama sphaerocarpa",0.111111111111111,0,1,-1.05788169265725
"Doñana","2021","Pinar Hinojos","2","Ulex australis",0.222222222222222,0,1,-1.44953414510694
"Doñana","2021","Pinar Hinojos","4","Cistus salviifolius",0.285714285714286,0.5,0,-0.538357179566002
"Doñana","2021","Pinar Hinojos","4","Halimium calycinum",0.857142857142857,0.333333333333333,0.5,-0.413344641006332
"Doñana","2021","Pinar Hinojos","4","Leontodon longirostris",0.142857142857143,0.333333333333333,0,-1.53123685519689
"Doñana","2021","Pinar Hinojos","5","Cerinthe major",0.0833333333333333,0.666666666666667,0,-0.46050035189198
"Doñana","2021","Pinar Hinojos","5","Cistus libanotis",0.0833333333333333,0,0.369070246428542,0.117535647154515
"Doñana","2021","Pinar Hinojos","5","Crepis vesicaria",0.0833333333333333,0,1,-1.28501323046229
"Doñana","2021","Pinar Hinojos","5","Halimium calycinum",0.583333333333333,0,0.72105705434887,0.0187756838548646
"Doñana","2021","Pinar Hinojos","5","Lavandula stoechas",0.25,1.33333333333333,0.673657673906779,-0.976892254187516
"Doñana","2021","Pinar Hinojos","5","Urospermum picroides",0.0833333333333333,0,1,-1.11970670273126
"Doñana","2021","Pinar Hinojos","6","Cerinthe major",0.0909090909090909,0,0.619906233284066,-0.899294221795256
"Doñana","2021","Pinar Hinojos","6","Chamaemelum mixtum",0.0909090909090909,0.0740740740740741,0,-0.604825970442264
"Doñana","2021","Pinar Hinojos","6","Cistus libanotis",0.545454545454545,0.0740740740740741,0.614785643889138,-0.429129721707111
"Doñana","2021","Pinar Hinojos","6","Crepis vesicaria",0.0909090909090909,0.666666666666667,0.190862358732145,-0.670878088809457
"Doñana","2021","Pinar Hinojos","6","Echium plantagineum",0.181818181818182,0,0.75,-0.726918599411496
"Doñana","2021","Pinar Hinojos","6","Leontodon longirostris",0.363636363636364,0.518518518518518,0.142494757703502,-0.466982755865454
"Doñana","2021","Pinar Hinojos","6","Orobanche ramosa",0.0909090909090909,0,0.619906233284066,-0.996335363623393
"Doñana","2021","Pinar Hinojos","7","Andryala integrifolia",0.111111111111111,0.0671892497200448,0.352314537622003,-0.56847538120316
"Doñana","2021","Pinar Hinojos","7","Chamaemelum mixtum",0.111111111111111,0.164759725400458,0.241168202917542,0.769619441668863
"Doñana","2021","Pinar Hinojos","7","Cistus libanotis",0.444444444444444,0.0709639266706091,0.68393948267488,-0.342588795690051
"Doñana","2021","Pinar Hinojos","7","Halimium halimifolium",0.444444444444444,0.236842105263158,0.438433277455027,0.452626773147322
"Doñana","2021","Pinar Hinojos","7","Leontodon longirostris",0.555555555555556,0.332409972299169,0.310397801136838,1.34329960323171
"Doñana","2021","Pinar Hinojos","8","Andryala integrifolia",0.0909090909090909,0.25,0.321060801097007,-1.07660552362126
"Doñana","2021","Pinar Hinojos","8","Crepis vesicaria",0.0909090909090909,0,1,-1.86697072507044
"Doñana","2021","Pinar Hinojos","8","Halimium halimifolium",0.454545454545455,0.5,0.775464345703423,-1.06818648358232
"Doñana","2021","Pinar Hinojos","8","Leontodon longirostris",0.545454545454545,0.75,0.816021298140599,-0.605901443274997
"Doñana","2021","Pinar Hinojos","9","Andryala integrifolia",0.666666666666667,1,0.333333333333333,0.166525521255265
"Doñana","2021","Pinar Hinojos","9","Crepis vesicaria",0.333333333333333,0,0.5,-0.649877028980872
"Doñana","2021","Pinar Hinojos","9","Halimium halimifolium",0.333333333333333,1,0.333333333333333,0.444991269968843
"Doñana","2021","Pinar Hinojos","9","Leontodon longirostris",0.333333333333333,0,0.5,-0.710955648270192
"Doñana","2021","Pinar Puebla","1","Anemone palmata",0.153846153846154,0.0862127950735546,0.508081231254246,0.234343644186853
"Doñana","2021","Pinar Puebla","1","Cistus ladanifer",0.0769230769230769,0.0504504504504504,0.569323441926607,-0.270772090897223
"Doñana","2021","Pinar Puebla","1","Cistus salviifolius",0.846153846153846,0.296122209165687,0.225276979091847,1.91315049494215
"Doñana","2021","Pinar Puebla","1","Genista hirsuta",0.0769230769230769,0,1,-1.3764338222952
"Doñana","2021","Pinar Puebla","1","Lavandula stoechas",0.0769230769230769,0,1,-1.22462566283751
"Doñana","2021","Pinar Puebla","1","Rosmarinus officinalis",0.0769230769230769,0.12972972972973,0.1092635092137,-0.234218278949076
"Doñana","2021","Pinar Puebla","2","Asphodelus ramosus",0.111111111111111,0.0594059405940594,0.346055677680479,-1.00957430696922
"Doñana","2021","Pinar Puebla","2","Cistus ladanifer",0.222222222222222,0.16973125884017,0.136089381867703,0.0878403585453353
"Doñana","2021","Pinar Puebla","2","Cistus salviifolius",0.722222222222222,0.509193776520509,0.142458794424601,1.39617010438685
"Doñana","2021","Pinar Puebla","2","Genista hirsuta",0.0555555555555556,0.0594059405940594,0,-1.00914997492218
"Doñana","2021","Pinar Puebla","2","Lavandula stoechas",0.222222222222222,0.178217821782178,0.385077483633776,-1.04552752185173
"Doñana","2021","Pinar Puebla","2","Rosmarinus officinalis",0.0555555555555556,0.237623762376238,0.0998293585609548,-0.99427785611034
"Doñana","2021","Pinar Puebla","3","Anemone palmata",0.166666666666667,0.19047619047619,0.796707580990507,-0.511972944195219
"Doñana","2021","Pinar Puebla","3","Cistus salviifolius",0.833333333333333,0.266666666666667,0.49090322642281,0.943428722658126
"Doñana","2021","Pinar Puebla","3","Genista hirsuta",0.0833333333333333,0.133333333333333,0,-0.894820797161766
"Doñana","2021","Pinar Puebla","3","Lavandula stoechas",0.166666666666667,0.133333333333333,0.647818075341425,-1.19843315520714
"Doñana","2021","Pinar Puebla","3","Rosmarinus officinalis",0.0833333333333333,0.222222222222222,0.239812466568131,-0.99578527851607
"Doñana","2021","Pinar Puebla","4","Cistus ladanifer",0.307692307692308,0.05,0.469279265734814,0.647464756533496
"Doñana","2021","Pinar Puebla","4","Cistus salviifolius",0.461538461538462,0.0851063829787234,0.206458680736161,1.63971057429289
"Doñana","2021","Pinar Puebla","4","Genista hirsuta",0.0769230769230769,0.117154811715481,0.927171658506202,-0.553756004196315
"Doñana","2021","Pinar Puebla","4","Lavandula stoechas",0.230769230769231,0.0436781609195402,0.498226044162704,0.678676521946756
"Doñana","2021","Pinar Puebla","4","Leontodon longirostris",0.384615384615385,0.113704368641532,0.58557265905046,0.578977689281589
"Doñana","2021","Pinar Puebla","4","Rosmarinus officinalis",0.0769230769230769,0,1,-1.02818236790093
"Doñana","2021","Pinar Puebla","5","Andryala arenaria",0.4,0.134806216064407,0.266049219180292,1.01196629894188
"Doñana","2021","Pinar Puebla","5","Cistus ladanifer",0.1,0,1,-0.966790490305405
"Doñana","2021","Pinar Puebla","5","Cistus salviifolius",0.2,0.0716774514683922,0.41495466090163,0.918480580069181
"Doñana","2021","Pinar Puebla","5","Galactites tomentosus",0.3,0.101337086558761,0.607448105310069,0.189104832375256
"Doñana","2021","Pinar Puebla","5","Lavandula stoechas",0.1,0.0402571987699189,0.72976184557268,-0.704061971357678
"Doñana","2021","Pinar Puebla","5","Leontodon longirostris",0.2,0.0881632653061225,0.31078734475172,-0.291296751816541
"Doñana","2021","Pinar Puebla","5","Tolpis barbata",0.3,0.117551020408163,0.116831670990003,0.650201397212861
"Doñana","2021","Pinar Puebla","6","Andryala arenaria",0.444444444444444,1.02923976608187,0.481447038398938,-0.328988861093117
"Doñana","2021","Pinar Puebla","6","Andryala integrifolia",0.444444444444444,0.355555555555556,0.21044156902037,-0.0862030453322624
"Doñana","2021","Pinar Puebla","6","Galactites tomentosus",0.444444444444444,0,1,-1.11101250400584
"Doñana","2021","Pinar Puebla","6","Tolpis barbata",0.111111111111111,0.111111111111111,0,0.162446930896089
"Doñana","2021","Pinar Puebla","7","Andryala arenaria",0.5,1.42857142857143,0.391478398319927,0.179389290533609
"Doñana","2021","Pinar Puebla","7","Galactites tomentosus",0.166666666666667,0,1,-1.05222752473962
"Doñana","2021","Pinar Puebla","7","Silene colorata",0.333333333333333,0,1,-0.865359794786126
"Doñana","2021","Pinar Puebla","7","Tolpis barbata",0.333333333333333,0.571428571428571,0.0763481391990798,0.256734694607531
"Doñana","2021","Pinar Puebla","8","Andryala arenaria",1,1.33333333333333,0,0.624806130125061
"Doñana","2021","Pinar Puebla","8","Leontodon longirostris",0.5,0.666666666666667,0,1.04652156837771
"Doñana","2021","Villamanrique Chaparral","1","Asphodelus ramosus",0.5,0.0112994350282486,0.596007425894759,0.771810169206095
"Doñana","2021","Villamanrique Chaparral","1","Cistus salviifolius",0.375,0.00677966101694915,0.94866914196492,-0.0644981857050643
"Doñana","2021","Villamanrique Chaparral","1","Lavandula stoechas",0.125,0.0225988700564972,0,0.867286541149462
"Doñana","2021","Villamanrique Chaparral","1","Rosmarinus officinalis",0.375,0.0329983500824959,0.475661647378941,0.334796565125938
"Doñana","2021","Villamanrique Chaparral","2","Cistus salviifolius",0.666666666666667,0.102304147465438,0.318524938508137,1.2374413032645
"Doñana","2021","Villamanrique Chaparral","2","Lavandula stoechas",0.222222222222222,0.244897959183673,0.0532399920460146,0.426385981856182
"Doñana","2021","Villamanrique Chaparral","2","Rosmarinus officinalis",0.555555555555556,1.1624597207304,0.179165745636273,1.36431593498793
"Doñana","2021","Villamanrique Chaparral","3","Anemone palmata",0.0909090909090909,0,1,-1.41682516442183
"Doñana","2021","Villamanrique Chaparral","3","Cistus ladanifer",0.0909090909090909,0,0.35398516288991,0.0997020546294761
"Doñana","2021","Villamanrique Chaparral","3","Cistus salviifolius",0.636363636363636,0,0.936075543226633,-0.354634926904367
"Doñana","2021","Villamanrique Chaparral","3","Lavandula stoechas",0.181818181818182,0.714285714285714,0.253916606757934,-1.21003790345242
"Doñana","2021","Villamanrique Chaparral","3","Rosmarinus officinalis",0.272727272727273,1.28571428571429,0.475345019903881,-1.08956423873835
"Doñana","2021","Villamanrique Chaparral","4","Cistus salviifolius",0.909090909090909,0.333333333333333,0.426370022388368,1.27485743957971
"Doñana","2021","Villamanrique Chaparral","4","Genista hirsuta",0.0909090909090909,0.266666666666667,0.509699451555599,-1.38802670943365
"Doñana","2021","Villamanrique Chaparral","4","Lavandula stoechas",0.0909090909090909,0,1,-1.33298854800864
"Doñana","2021","Villamanrique Chaparral","4","Leontodon longirostris",0.0909090909090909,0.166666666666667,0.643792812891978,-0.370675692521947
"Doñana","2021","Villamanrique Chaparral","4","Rosmarinus officinalis",0.0909090909090909,0.166666666666667,0.172912524653084,-1.12839455724568
"Doñana","2021","Villamanrique Chaparral","5","Cistus crispus",0.285714285714286,0.14968814968815,0.471725072638043,-0.199081905501449
"Doñana","2021","Villamanrique Chaparral","5","Cistus salviifolius",0.928571428571429,0.210372534696859,0.419363146312611,2.81287766960095
"Doñana","2021","Villamanrique Chaparral","5","Echium plantagineum",0.0714285714285714,0.0627724498692241,0.154901959985743,-1.00245552562537
"Doñana","2021","Villamanrique Chaparral","5","Genista hirsuta",0.0714285714285714,0.228934817170111,0.796916234413287,-1.15547388300828
"Doñana","2021","Villamanrique Chaparral","5","Leontodon longirostris",0.0714285714285714,0.0603394091766185,0.154901959985743,-0.506420610195242
"Doñana","2021","Villamanrique Chaparral","6","Cistus crispus",0.523809523809524,0.610169491525424,0.73048845710989,2.48428283000418
"Doñana","2021","Villamanrique Chaparral","6","Cistus salviifolius",0.428571428571429,0.213559322033898,0.590618886195004,1.41523100830579
"Doñana","2021","Villamanrique Chaparral","6","Echium plantagineum",0.19047619047619,0.099329917225069,0.802003875530348,0.203487042301829
"Doñana","2021","Villamanrique Chaparral","6","Galactites tomentosus",0.0952380952380952,0,1,-0.991629697287416
"Doñana","2021","Villamanrique Chaparral","6","Leontodon longirostris",0.0952380952380952,0,1,-0.971532198260506
"Doñana","2021","Villamanrique Chaparral","7","Cistus crispus",0.739130434782609,0.0635451505016722,0.760294278769743,1.1413916122244
"Doñana","2021","Villamanrique Chaparral","7","Cistus salviifolius",0.0434782608695652,0.0321852060982496,0.80804127999344,-0.852195329028408
"Doñana","2021","Villamanrique Chaparral","7","Echium plantagineum",0.173913043478261,0.0489130434782609,0.381818211933384,0.0672744791848071
"Doñana","2021","Villamanrique Chaparral","7","Galactites tomentosus",0.0869565217391304,0,1,-2.1345034593374
"Doñana","2021","Villamanrique Chaparral","7","Leontodon longirostris",0.173913043478261,0.0411899313501144,0.944201859204093,-2.77735908627381
"Doñana","2021","Villamanrique Chaparral","8","Andryala integrifolia",0.0588235294117647,0.222222222222222,0.502506640770873,-0.64758735974011
"Doñana","2021","Villamanrique Chaparral","8","Cistus crispus",0.470588235294118,0.189189189189189,0.815173266032829,0.221231868866259
"Doñana","2021","Villamanrique Chaparral","8","Echium plantagineum",0.352941176470588,0.181818181818182,0.380603835597146,0.766245006629103
"Doñana","2021","Villamanrique Chaparral","8","Galactites tomentosus",0.117647058823529,0,1,-1.42673706568656
"Doñana","2021","Villamanrique Chaparral","8","Leontodon longirostris",0.235294117647059,0.222222222222222,0.631772376328477,-0.595595552782687
"Doñana","2021","Villamanrique Chaparral","9","Andryala integrifolia",0.142857142857143,NA,1,-1.08916384436823
"Doñana","2021","Villamanrique Chaparral","9","Echium plantagineum",0.571428571428571,NA,1,-1.05182839102796
"Doñana","2021","Villamanrique Chaparral","9","Myrtus communis",0.142857142857143,NA,1,-1.47558323785336
"Doñana","2021","Villamanrique Chaparral","9","Scolymus hispanicus",0.142857142857143,NA,1,-1.1987815268981
"Doñana","2021","Villamanrique Sur","1","Cistus salviifolius",1,1.23076923076923,0.149478028640136,1.70267548063428
"Doñana","2021","Villamanrique Sur","1","Rosmarinus officinalis",0.111111111111111,0.769230769230769,0.474457304793452,-1.77213036487032
"Doñana","2021","Villamanrique Sur","2","Cistus salviifolius",1,1.375,0.0850315907010943,2.06125375253363
"Doñana","2021","Villamanrique Sur","2","Rosmarinus officinalis",0.0769230769230769,0.625,0.323911455645725,-3.07669344337408
"Doñana","2021","Villamanrique Sur","4","Cistus salviifolius",0.9375,1.27272727272727,0.373282191871612,1.1466253630378
"Doñana","2021","Villamanrique Sur","4","Halimium halimifolium",0.25,0.727272727272727,0.589198219609629,-2.15986019812966
"Doñana","2021","Villamanrique Sur","5","Cistus salviifolius",0.823529411764706,1.06962785114046,0.315751003597811,1.52453665436326
"Doñana","2021","Villamanrique Sur","5","Genista hirsuta",0.117647058823529,0.0802139037433155,0.237350464962806,-1.96283014864338
"Doñana","2021","Villamanrique Sur","5","Halimium halimifolium",0.470588235294118,0.359477124183007,0.252639401580669,0.502275047618876
"Doñana","2021","Villamanrique Sur","6","Cistus salviifolius",0.533333333333333,0.3,0.337583752023457,0.814347650297963
"Doñana","2021","Villamanrique Sur","6","Halimium halimifolium",0.733333333333333,0.51,0.372761136873515,1.11660478339632
"Doñana","2021","Villamanrique Sur","6","Leontodon longirostris",0.0666666666666667,0.1,0.301444504541286,-0.617518331132252
"Gorbea","2020","2","1","Helleborus viridis subsp. occidentalis",0.125,0,1,-1.70671173966227
"Gorbea","2020","2","1","Taraxacum sp.",0.875,0.666666666666667,0.611357342144061,0.0610128444795447
"Gorbea","2020","2","1","Viola riviniana",0.125,1.33333333333333,0.844213042232526,-0.624200249301036
"Gorbea","2020","2","2","Taraxacum sp.",0.5,NA,NA,-0.420437482591261
"Gorbea","2020","2","2","Viola riviniana",0.5,NA,NA,-0.562821176545159
"Gorbea","2020","2","3","Bellis perennis",0.25,0.686274509803921,0.337843332370504,0.538991542099847
"Gorbea","2020","2","3","Myosotis lamottiana",0.125,0.0694444444444444,0,1.16487536924872
"Gorbea","2020","2","3","Potentilla erecta",0.125,0,1,-1.13689604660586
"Gorbea","2020","2","3","Ranunculus sp.",0.25,0.138888888888889,0.388214248624216,-0.0896096064102105
"Gorbea","2020","2","3","Taraxacum sp.",0.625,0.277777777777778,0.299483940997162,0.901481771885502
"Gorbea","2020","2","3","Veronica sp.",0.25,0.0694444444444444,0.428571428571429,-0.204939587138034
"Gorbea","2020","2","4","Bellis perennis",0.4,1.15053899809765,0.513450178779042,0.31363106439968
"Gorbea","2020","2","4","Myosotis lamottiana",0.1,0,1,-1.48361185239216
"Gorbea","2020","2","4","Potentilla erecta",0.1,0.0421052631578947,0,-0.515864777719182
"Gorbea","2020","2","4","Ranunculus sp.",0.7,0.117604355716878,0.492032587814627,0.849282348629307
"Gorbea","2020","2","4","Taraxacum sp.",0.1,0.0421052631578947,0,-0.659679063081311
"Gorbea","2020","2","5","Bellis perennis",0.4,0.331833624772179,0.305088331882309,1.37886969964627
"Gorbea","2020","2","5","Erinus alpinus",0.2,0.0184673118704325,0,0.111167864314519
"Gorbea","2020","2","5","Geranium robertianum",0.2,0.0187542623323483,0.139232372386232,0.386678457197825
"Gorbea","2020","2","5","Myosotis lamottiana",0.2,0.0552208835341365,0.308364909558978,0.346209871139224
"Gorbea","2020","2","5","Potentilla erecta",0.6,0.10660940291133,0.0760255357972178,0.923172422168988
"Gorbea","2020","2","5","Ranunculus sp.",0.6,0.338704483859715,0.135311630611657,0.746400653548074
"Gorbea","2020","2","5","Taraxacum sp.",0.2,0.0371579777052134,0.267275090402393,0.137812949311547
"Gorbea","2020","2","5","Veronica officinalis",0.2,0.0528049698795181,0.14146385665322,0.295827662295511
"Gorbea","2020","2","5","Veronica sp.",0.2,0,1,-1.3173084603569
"Gorbea","2020","2","6","Bellis perennis",0.142857142857143,0,1,-1.2755596363996
"Gorbea","2020","2","6","Geranium robertianum",0.142857142857143,0,1,-1.12863643162574
"Gorbea","2020","2","6","Plantago sp.",0.142857142857143,0.45,0.0767134017448075,-0.757946734389707
"Gorbea","2020","2","6","Ranunculus sp.",0.714285714285714,0.9,0.330235476022298,0.263539295509258
"Gorbea","2020","2","6","Trifolium repens",0.142857142857143,0.15,0,-0.68378838226141
"Gorbea","2020","2","7","Bellis perennis",0.545454545454545,0.112970711297071,0.470971555471995,1.182234546911
"Gorbea","2020","2","7","Plantago sp.",0.363636363636364,0.0599334073251942,0.255077267402852,0.434072375018196
"Gorbea","2020","2","7","Potentilla erecta",0.0909090909090909,0,1,-0.630630863375903
"Gorbea","2020","2","7","Ranunculus sp.",0.454545454545455,0.103746397694524,0.495069593964665,1.05395456946046
"Gorbea","2020","2","7","Taraxacum sp.",0.0909090909090909,0.0344827586206897,0.367587522843284,0.736768036531138
"Gorbea","2020","2","7","Trifolium pratense",0.0909090909090909,0,1,-0.498189417052698
"Gorbea","2020","2","7","Trifolium repens",0.0909090909090909,0.072192513368984,0.930044355769781,-0.334022048418254
"Gorbea","2020","2","8","Bellis perennis",0.444444444444444,0.0588780236747298,0.484001763554115,0.484729040613402
"Gorbea","2020","2","8","Plantago sp.",0.222222222222222,0.0266236385639371,0.434348851841874,-0.201844406068485
"Gorbea","2020","2","8","Prunella grandiflora",0.111111111111111,0.0353407415906864,0.744041975190184,-1.21796768277704
"Gorbea","2020","2","8","Prunella vulgaris",0.333333333333333,0.0266236385639371,0.561363131872891,0.331459501925543
"Gorbea","2020","2","8","Ranunculus sp.",0.222222222222222,0.038630377524144,0.144782950613958,0.331148276008014
"Gorbea","2020","2","8","Taraxacum sp.",0.111111111111111,0.041044776119403,0.710434098772084,0.308089363243522
"Gorbea","2020","2","8","Thymus praecox subsp. polytrichus",0.111111111111111,0.0329747254165077,0.488083950380369,-1.06178532674093
"Gorbea","2020","2","8","Trifolium repens",0.333333333333333,0.0997682705005856,0.790702170036769,-0.0560967269036689
"Gorbea","2020","4","2","Bellis perennis",0.2,0.0984848484848485,0.162536942875338,-0.3565403409025
"Gorbea","2020","4","2","Polygala vulgaris",0.5,0.0705882352941176,0.924416260952868,-0.403036889097035
"Gorbea","2020","4","2","Potentilla erecta",0.3,0.157178841309824,0.43165825070458,-0.344424822603255
"Gorbea","2020","4","2","Ranunculus sp.",0.3,0.04,0.594570786801034,-0.279421354742916
"Gorbea","2020","4","2","Taraxacum sp.",0.2,0.08,0.189141573602068,0.191366551954377
"Gorbea","2020","4","4","Bellis perennis",0.125,0.173913043478261,0.0536051091233214,1.12418545062728
"Gorbea","2020","4","4","Galium saxatila",0.125,0,1,-0.77445672206359
"Gorbea","2020","4","4","Polygala vulgaris",0.125,0.104347826086957,0.522878745280338,0.362542772256972
"Gorbea","2020","4","4","Potentilla erecta",0.5,0.417391304347826,0.426777749594816,1.22493176738656
"Gorbea","2020","4","4","Ranunculus sp.",0.125,0,1,-0.924244755654777
"Gorbea","2020","4","4","Taraxacum sp.",0.125,0,1,-0.758117772654354
"Gorbea","2020","4","4","Veronica officinalis",0.25,0.173913043478261,0.28466400565961,0.562433280336581
"Gorbea","2020","4","5","Bellis perennis",0.166666666666667,0.0625,0.0516190490443243,0.202371812328458
"Gorbea","2020","4","5","Galium saxatila",0.166666666666667,0.0416666666666667,0,0.482864063314653
"Gorbea","2020","4","5","Polygala vulgaris",0.166666666666667,0.0625,0.0516190490443243,0.305962887518493
"Gorbea","2020","4","5","Potentilla erecta",0.666666666666667,0.558043875685558,0.0611972866344241,1.36711776084818
"Gorbea","2020","4","5","Ranunculus sp.",0.5,0.0914634146341463,0.164303654507179,1.38154997634246
"Gorbea","2020","4","5","Taraxacum sp.",0.166666666666667,0.0208333333333333,0,0.409184123414643
"Gorbea","2020","4","5","Veronica officinalis",0.666666666666667,0.324909747292419,0.0579067300604502,1.47242604015087
"Gorbea","2020","4","6","Bellis perennis",0.166666666666667,0.148148148148148,0,-0.596496869649817
"Gorbea","2020","4","6","Erica cinerea",0.333333333333333,0,0.826727124435647,-0.529877896035741
"Gorbea","2020","4","6","Jasione sp.",0.166666666666667,0,0.804271338064208,-0.344144411351467
"Gorbea","2020","4","6","Potentilla erecta",0.166666666666667,0.296296296296296,0.273942318508067,-0.649021337760864
"Gorbea","2020","4","6","Ranunculus sp.",0.166666666666667,0.148148148148148,0,-0.667037654993617
"Gorbea","2020","4","6","Taraxacum sp.",0.666666666666667,0.740740740740741,0.613815892267075,0.129098258136107
"Gorbea","2020","4","7","Erica cinerea",0.428571428571429,0,0.886454770081691,0.153671475391823
"Gorbea","2020","4","7","Erica tetralix",0.142857142857143,0,1,-0.903447705739574
"Gorbea","2020","4","7","Erica vagans",0.142857142857143,0.113590263691684,0.744041975190184,-0.116652532330914
"Gorbea","2020","4","7","Jasione sp.",0.142857142857143,0,0.488083950380369,0.602734189094298
"Gorbea","2020","4","7","Potentilla erecta",0.428571428571429,0.219607843137255,0.762896318154298,0.722404298013516
"Gorbea","2020","4","7","Sedum anglicum",0.142857142857143,0.0784313725490196,0,-0.151171798304423
"Gorbea","2020","4","8","Bellis perennis",0.111111111111111,0.165289256198347,0.541843090008674,0.259458287426636
"Gorbea","2020","4","8","Erica cinerea",0.333333333333333,0,0.896627479151061,0.00844346834704388
"Gorbea","2020","4","8","Jasione sp.",0.111111111111111,0.13986013986014,0.710935173682112,-0.468641602715035
"Gorbea","2020","4","8","Potentilla erecta",0.222222222222222,0.12987012987013,0.874135544561899,-0.439952490477156
"Gorbea","2020","4","8","Prunella grandiflora",0.111111111111111,0,0.710935173682112,0.696353395474329
"Gorbea","2020","4","8","Ranunculus sp.",0.111111111111111,0.165289256198347,0.541843090008674,0.1629326053073
"Gorbea","2020","4","8","Taraxacum sp.",0.444444444444444,0.25974025974026,0.611847813397186,1.55281915581805
"Gorbea","2020","4","8","Trifolium repens",0.111111111111111,0,1,-0.571899511454545
"Gorbea","2020","5","2","Pedicularis sylvatica subsp. sylvatica",0.285714285714286,0,1,-0.748408790988241
"Gorbea","2020","5","2","Potentilla erecta",0.428571428571429,0.0192307692307692,0.563387771830696,0.217571326884063
"Gorbea","2020","5","2","Scilla verna",0.285714285714286,1.98076923076923,0.829110046684696,0.16683720800024
"Gorbea","2020","5","2","Taraxacum sp.",0.142857142857143,0,1,-0.915219629868541
"Gorbea","2020","5","4","Daboecia cantabrica",0.0833333333333333,0,1,-1.42331745573067
"Gorbea","2020","5","4","Potentilla erecta",0.583333333333333,1,0.781850300103298,0.665226718442678
"Gorbea","2020","5","4","Ranunculus sp.",0.0833333333333333,0,1,-1.4870924889168
"Gorbea","2020","5","4","Scorzonera humilis",0.416666666666667,1,0.818044690933852,0.555502024806996
"Gorbea","2020","5","5","Daboecia cantabrica",0.166666666666667,0.0615384615384615,0.655786957767474,-0.695896365054591
"Gorbea","2020","5","5","Pedicularis sylvatica subsp. sylvatica",0.0833333333333333,0,1,-1.26026219074901
"Gorbea","2020","5","5","Potentilla erecta",0.833333333333333,0.375757575757576,0.277969146292413,1.57020834695958
"Gorbea","2020","5","5","Ranunculus sp.",0.166666666666667,0.112217194570136,0.52262717609308,0.019339767049114
"Gorbea","2020","5","5","Scorzonera humilis",0.25,0.16,0,0.319983807172306
"Gorbea","2020","5","6","Erica cinerea",0.333333333333333,1,0.684535123214271,0.926907554114538
"Gorbea","2020","5","6","Erica tetralix",0.666666666666667,1,0.769577289690815,0.281410588272579
"Gorbea","2020","5","6","Potentilla erecta",0.333333333333333,0,1,-0.824865873858034
"Gorbea","2020","5","7","Erica cinerea",0.666666666666667,0.333333333333333,0.0577399298514349,0.592132863732581
"Gorbea","2020","5","7","Erica tetralix",0.333333333333333,0,1,-0.805207483729265
"Gorbea","2020","5","7","Narthecium ossifragum",0.333333333333333,0.166666666666667,0,-0.0430844698935591
"Gorbea","2020","5","7","Potentilla erecta",0.333333333333333,0.666666666666667,0.057739929851435,-0.272701841457143
"Gorbea","2020","5","7","Ranunculus sp.",0.333333333333333,0.166666666666667,0,0.0170267548063428
"Gorbea","2020","5","8","Daboecia cantabrica",0.166666666666667,0,1,-0.865559471150536
"Gorbea","2020","5","8","Erica cinerea",0.833333333333333,0.290909090909091,0.316399783384157,0.964949653106548
"Gorbea","2020","5","8","Potentilla erecta",0.166666666666667,0.290909090909091,0.766014999711538,0.202001161468205
"Gorbea","2020","5","8","Ulex gallii",0.166666666666667,0.242424242424242,0.472640767885182,0.160873076782137
"Gorbea","2020","1","1","Bellis perennis",0.333333333333333,0.0447761194029851,0.375,0.0413869289445298
"Gorbea","2020","1","1","Helleborus viridis subsp. occidentalis",0.333333333333333,0.276245889198077,0.0942385878689453,0.464041138880178
"Gorbea","2020","1","1","Hutchinsia alpina",0.166666666666667,0,1,-0.551165371551952
"Gorbea","2020","1","1","Scilla verna",0.166666666666667,0,1,-0.673859050150812
"Gorbea","2020","1","1","Taraxacum sp.",0.5,1.18614474795832,0.282405320773757,0.686929182184747
"Gorbea","2020","1","2","Bellis perennis",0.25,0.233766233766234,0.455407673715638,-0.409770345709764
"Gorbea","2020","1","2","Lotus corniculatus",0.125,0,1,-0.92489760206364
"Gorbea","2020","1","2","Potentilla erecta",0.375,0.151260504201681,0.714285714285714,-0.443042688825521
"Gorbea","2020","1","2","Potentilla montana",0.125,0.0952380952380952,0.666666666666667,-0.79690128717584
"Gorbea","2020","1","2","Ranunculus sp.",0.125,0,1,-1.01163254811613
"Gorbea","2020","1","2","Taraxacum sp.",0.25,0.171428571428571,0.166666666666667,-0.96228940464151
"Gorbea","2020","1","2","Vicia pyrenaica",0.125,0,1,-1.05942187865272
"Gorbea","2020","1","3","Bellis perennis",0.2,0.189875015780836,0.0876669539365018,-0.152953656017903
"Gorbea","2020","1","3","Erysimum gorbeanum",0.1,0,1,-1.21983530231059
"Gorbea","2020","1","3","Geranium robertianum",0.1,0.00845555901735677,0.567879908973498,-0.756107735447995
"Gorbea","2020","1","3","Hutchinsia alpina",0.2,0.0163432073544433,0.260543559170689,-0.21566777856999
"Gorbea","2020","1","3","Ranunculus sp.",0.4,0.0312652662432829,0.321672795866398,0.479291748095553
"Gorbea","2020","1","3","Scilla verna",0.2,0.0163432073544433,0.260543559170689,-0.117509377424802
"Gorbea","2020","1","3","Taraxacum sp.",0.2,0.236175369024014,0.0942676294705033,0.188258297617158
"Gorbea","2020","1","3","Veronica sp.",0.1,0.00836164097204076,0,1.35687096355354
"Gorbea","2020","1","3","Vicia pyrenaica",0.1,0,1,-0.89155203681935
"Gorbea","2020","1","4","Bellis perennis",0.2,0.0819840131174421,0.238509055319333,0.632514770973315
"Gorbea","2020","1","4","Erysimum gorbeanum",0.0666666666666667,0,1,-1.47990753406955
"Gorbea","2020","1","4","Hutchinsia alpina",0.0666666666666667,0.019047619047619,0,-0.0791811114078859
"Gorbea","2020","1","4","Pinguicula grandiflora",0.0666666666666667,0.0208550573514077,0.819968673343307,-0.294317828297343
"Gorbea","2020","1","4","Ranunculus sp.",0.4,0.0773020083364911,0.216718285911886,0.353350584690263
"Gorbea","2020","1","4","Taraxacum sp.",0.466666666666667,0.060790273556231,0.286649836388846,0.923465431059065
"Gorbea","2020","1","4","Vicia pyrenaica",0.133333333333333,0,1,-1.37734102245654
"Gorbea","2020","1","5","Bellis perennis",0.25,0.103245306260783,0.167904143346002,1.79728910374293
"Gorbea","2020","1","5","Erysimum gorbeanum",0.0416666666666667,0,1,-1.21247290984608
"Gorbea","2020","1","5","Euphrasia sp.",0.0416666666666667,0.00359750744127283,0,0.724441392799341
"Gorbea","2020","1","5","Geranium robertianum",0.166666666666667,0.00365377749657898,0.917863975018975,-0.485251772575077
"Gorbea","2020","1","5","Hutchinsia alpina",0.0833333333333333,0.00693570391849428,0.317638373659175,0.765370604563095
"Gorbea","2020","1","5","Linaria propinqua",0.0833333333333333,0.00359750744127283,0.429452892918195,0.522435999583899
"Gorbea","2020","1","5","Medicago lupulina",0.166666666666667,0.0461566992465194,0.125208777045936,0.55776384169785
"Gorbea","2020","1","5","Pilosella officinarum",0.0416666666666667,0.010192937750273,0,0.627783192251325
"Gorbea","2020","1","5","Polygala vulgaris",0.0416666666666667,0.00359750744127283,0,0.884498870864195
"Gorbea","2020","1","5","Potentilla montana",0.0416666666666667,0.00359750744127283,0,0.855974411796032
"Gorbea","2020","1","5","Ranunculus sp.",0.458333333333333,0.0828479435090471,0.0852521868762017,2.94992488195954
"Gorbea","2020","1","5","Taraxacum sp.",0.0833333333333333,0.010192937750273,0.198865704386756,0.588036667512928
"Gorbea","2020","1","5","Thymus praecox subsp. polytrichus",0.0833333333333333,0.00698944302875864,0.273360249126,0.275117212802599
"Gorbea","2020","1","5","Vicia pyrenaica",0.0833333333333333,0,1,-1.11698079642339
"Gorbea","2020","1","7","Bellis perennis",0.230769230769231,0.15098126589104,0.539641425452688,0.180293896160495
"Gorbea","2020","1","7","Euphrasia sp.",0.153846153846154,0.061220306557041,0.46994939760707,-0.0346640718239401
"Gorbea","2020","1","7","Linaria propinqua",0.0769230769230769,0,1,-0.992436448299565
"Gorbea","2020","1","7","Lotus corniculatus",0.0769230769230769,0,1,-0.882678300487092
"Gorbea","2020","1","7","Medicago lupulina",0.153846153846154,0.0433975362857004,0.470021136606195,0.0825609081912128
"Gorbea","2020","1","7","Plantago sp.",0.153846153846154,0.0369318363970942,0.376895831855709,-0.243488442771761
"Gorbea","2020","1","7","Ranunculus sp.",0.230769230769231,0.145531226983405,0.757489713091729,0.439059805308433
"Gorbea","2020","1","7","Taraxacum sp.",0.0769230769230769,0.0217736918504182,0,-0.445506204153477
"Gorbea","2020","1","7","Teucrium pyrenaicum L. subsp. pyrenaicum",0.0769230769230769,0,1,-0.987343893165602
"Gorbea","2020","1","7","Thymus praecox subsp. polytrichus",0.461538461538462,0.128644857874871,0.298285913467878,2.01375080534245
"Gorbea","2020","1","7","Trifolium repens",0.0769230769230769,0.039745244026138,0.665611974839696,-0.606317557607286
"Gorbea","2020","1","8","Bellis perennis",0.1875,0.0860979793331381,0.435781056159545,0.0588100278462663
"Gorbea","2020","1","8","Dianthus hyssopifolius subsp. Hyssopifolius",0.125,0.0258833413406514,0.792648833079647,-1.10942288466117
"Gorbea","2020","1","8","Eryngium bourgatii",0.125,0.0265778156599899,0.632730541710997,-0.150916797224422
"Gorbea","2020","1","8","Euphrasia sp.",0.0625,0.027059364933272,0,0.203503194080621
"Gorbea","2020","1","8","Geranium robertianum",0.0625,0,1,-1.0082769107999
"Gorbea","2020","1","8","Lotus corniculatus",0.125,0.0442660609658519,0.561298451283766,-0.881973753902783
"Gorbea","2020","1","8","Medicago lupulina",0.0625,0.0630360205831904,0.287543058600751,0.358729841565673
"Gorbea","2020","1","8","Plantago sp.",0.0625,0.0265778156599899,0.350439234429057,0.373923304860039
"Gorbea","2020","1","8","Prunella vulgaris",0.1875,0.0425676262653423,0.283159337596025,-0.409669033684766
"Gorbea","2020","1","8","Ranunculus sp.",0.1875,0.0375533739644539,0.339130123609417,0.889792822302188
"Gorbea","2020","1","8","Taraxacum sp.",0.0625,0.027059364933272,0,0.45473275866192
"Gorbea","2020","1","8","Teucrium pyrenaicum L. subsp. pyrenaicum",0.25,0.0632413496404646,0.390828096422254,1.41698642913908
"Gorbea","2020","1","8","Thymus praecox subsp. polytrichus",0.5625,0.0756628773952558,0.214050480641392,2.11853584174268
"Gorbea","2020","1","8","Trifolium pratense",0.125,0.0306958013274666,0.400176771136208,-1.00916543699497
"Gorbea","2020","1","8","Trifolium repens",0.125,0.036805866046678,0.294555354142831,-0.13094827427112
"Gorbea","2020","3","4","Bellis perennis",0.25,0.172839506172839,0.351693902427511,0.210371111039744
"Gorbea","2020","3","4","Lotus corniculatus",0.125,0,1,-1.13478672882217
"Gorbea","2020","3","4","Polygala vulgaris",0.125,0.103703703703704,0,0.718973385512288
"Gorbea","2020","3","4","Potentilla erecta",0.375,0.207407407407407,0.22105705434887,0.522320153445482
"Gorbea","2020","3","4","Potentilla montana",0.125,0.148148148148148,0.744834335884253,-0.564342522332261
"Gorbea","2020","3","4","Ranunculus sp.",0.5,0.222222222222222,0.427499524007883,0.376789700991725
"Gorbea","2020","3","5","Bellis perennis",0.538461538461538,0.644413686548428,0.209550065597053,1.03985953657044
"Gorbea","2020","3","5","Lotus corniculatus",0.153846153846154,0.0531914893617021,0.349485002168009,-0.0557612628841417
"Gorbea","2020","3","5","Pilosella officinarum",0.230769230769231,0.0531914893617021,0.5,-0.19346585160064
"Gorbea","2020","3","5","Ranunculus sp.",0.307692307692308,0.382978723404255,0.11986055147048,0.705917578348489
"Gorbea","2020","3","5","Teucrium pyrenaicum L. subsp. pyrenaicum",0.0769230769230769,0,1,-1.62296291677143
"Gorbea","2020","3","5","Thymus praecox subsp. polytrichus",0.230769230769231,0.11968085106383,0.0852588911691985,-0.193585534926005
"Gorbea","2020","3","5","Trifolium repens",0.0769230769230769,0,1,-1.45202589999038
"Gorbea","2020","3","6","Bellis perennis",0.125,0.178571428571429,0,-0.780419999666891
"Gorbea","2020","3","6","Lotus corniculatus",0.5,0,0.599897401798625,-0.46511606424383
"Gorbea","2020","3","6","Medicago lupulina",0.125,0.178571428571429,0,-0.791993125422853
"Gorbea","2020","3","6","Plantago sp.",0.125,0,1,-0.80419298141416
"Gorbea","2020","3","6","Potentilla erecta",0.125,0.535714285714286,0.485617662352139,-0.817059037066025
"Gorbea","2020","3","6","Prunella grandiflora",0.25,0,0.238316430834131,-0.570154391482396
"Gorbea","2020","3","6","Taraxacum sp.",0.125,0.178571428571429,0,-0.8357413065806
"Gorbea","2020","3","6","Teucrium pyrenaicum L. subsp. pyrenaicum",0.125,0.178571428571429,0,-0.90413875758223
"Gorbea","2020","3","6","Trifolium pratense",0.375,0,0.510796215699773,-0.35509779330318
"Gorbea","2020","3","6","Trifolium repens",0.25,0,0.743295194634906,-0.28226481212712
"Gorbea","2020","3","7","Bellis perennis",0.0588235294117647,0.0450474183350896,0.113189206415485,1.2621230724387
"Gorbea","2020","3","7","Daboecia cantabrica",0.0588235294117647,0.0212845407020164,0.401895995498156,0.0717449899163502
"Gorbea","2020","3","7","Dianthus hyssopifolius subsp. Hyssopifolius",0.0588235294117647,0,1,-0.983959183090214
"Gorbea","2020","3","7","Galium saxatila",0.0588235294117647,0.020747391409852,0.768621786840241,-1.16610301906137
"Gorbea","2020","3","7","Lotus corniculatus",0.235294117647059,0.0488083345226202,0.570347170585075,-0.59999793715825
"Gorbea","2020","3","7","Plantago sp.",0.117647058823529,0.0788599889319314,0.378886371820193,0.311239306080941
"Gorbea","2020","3","7","Potentilla erecta",0.0588235294117647,0.068154643284177,0.250915043466184,1.39110009339973
"Gorbea","2020","3","7","Prunella grandiflora",0.352941176470588,0.0525733259546209,0.455160784577106,1.34415153065175
"Gorbea","2020","3","7","Ranunculus sp.",0.176470588235294,0.0352650030934213,0.413813765001586,1.10026543389903
"Gorbea","2020","3","7","Taraxacum sp.",0.294117647058824,0.0726731831704207,0.411087521254253,1.13565027663301
"Gorbea","2020","3","7","Thymus praecox subsp. polytrichus",0.117647058823529,0.0480067377877597,0.241441295004759,0.594777785223655
"Gorbea","2020","3","7","Trifolium pratense",0.352941176470588,0.0464800217450394,0.166900931289738,1.31834841410097
"Gorbea","2020","3","7","Trifolium repens",0.235294117647059,0.0402997737556561,0.323439788225827,-0.46709136514965
"Gorbea","2020","3","8","Achillea millefolium",0.214285714285714,0.0354609929078014,0.857142857142857,-0.370923368643198
"Gorbea","2020","3","8","Bellis perennis",0.0714285714285714,0.0350877192982456,0,1.0887071729409
"Gorbea","2020","3","8","Erica vagans",0.142857142857143,0.0374531835205993,0.683007499855769,0.459140687153873
"Gorbea","2020","3","8","Lotus corniculatus",0.0714285714285714,0.0256410256410256,0.666666666666667,0.00479825453168136
"Gorbea","2020","3","8","Plantago sp.",0.142857142857143,0.0350877192982456,0.571428571428571,0.0362389001034108
"Gorbea","2020","3","8","Potentilla erecta",0.0714285714285714,0,0.666666666666667,-0.78516563643983
"Gorbea","2020","3","8","Prunella grandiflora",0.214285714285714,0.037037037037037,0.641895536497917,1.07487773743105
"Gorbea","2020","3","8","Ranunculus sp.",0.0714285714285714,0,0.666666666666667,-0.85771586880786
"Gorbea","2020","3","8","Teucrium pyrenaicum L. subsp. pyrenaicum",0.0714285714285714,0.0374531835205993,0.471679166426281,0.622739510754839
"Gorbea","2020","3","8","Thymus praecox subsp. polytrichus",0.142857142857143,0.0617283950617284,0.606948164379234,0.148755312801414
"Gorbea","2020","3","8","Trifolium pratense",0.428571428571429,0.0617283950617284,0.635148033534681,1.72510312146309
"Gorbea","2020","3","8","Trifolium repens",0.0714285714285714,0.0466200466200466,0.766014999711538,-0.581434574255012
"Gorbea","2021","2","1","Anemone nemorosa",0.2,0,1,-0.677785619052619
"Gorbea","2021","2","1","Bellis perennis",0.6,0.380952380952381,0.115771782604519,0.956495537756499
"Gorbea","2021","2","1","Helleborus viridis subsp. occidentalis",0.2,0,1,-0.739683131614994
"Gorbea","2021","2","1","Potentilla montana",0.2,0.489795918367347,0.652684652186442,0.137618496658968
"Gorbea","2021","2","1","Ranunculus ficaria",0.2,0.19047619047619,0.207518749639422,-0.107363241448449
"Gorbea","2021","2","2","Bellis perennis",0.333333333333333,1.11111111111111,0.263237633892793,0.207880770921862
"Gorbea","2021","2","2","Potentilla sterilis",0.166666666666667,0,1,-1.21363261613818
"Gorbea","2021","2","2","Taraxacum sp.",0.666666666666667,0.888888888888889,0.176065637090733,0.231501952840008
"Gorbea","2021","2","3","Bellis perennis",0.5,NA,1,-2.42829074322759
"Gorbea","2021","2","3","Taraxacum sp.",0.5,NA,1,-2.11618526565526
"Gorbea","2021","2","4","Bellis perennis",0.5,0.177777777777778,0.863270885111622,-0.387362778832816
"Gorbea","2021","2","4","Pedicularis sylvatica subsp. sylvatica",0.125,0.253968253968254,0.63915119328547,-0.63230879611548
"Gorbea","2021","2","4","Taraxacum sp.",0.625,0.355555555555556,0.680293573668202,0.745406072924483
"Gorbea","2021","2","4","Viola riviniana",0.125,0.253968253968254,0.63915119328547,-0.655640549997
"Gorbea","2021","2","5","Bellis perennis",0.111111111111111,NA,1,-1.16105523889693
"Gorbea","2021","2","5","Cardamine pratensis",0.333333333333333,NA,1,-1.26603516506328
"Gorbea","2021","2","5","Potentilla sterilis",0.111111111111111,NA,1,-1.44148947221393
"Gorbea","2021","2","5","Ranunculus repens",0.222222222222222,NA,1,-1.23761321821998
"Gorbea","2021","2","5","Taraxacum sp.",0.222222222222222,NA,1,-0.955535829566209
"Gorbea","2021","2","6","Bellis perennis",0.416666666666667,0.0862004394118641,0.493193937784734,1.30274099184381
"Gorbea","2021","2","6","Lotus corniculatus",0.0833333333333333,0,1,-0.652360896996983
"Gorbea","2021","2","6","Myosotis lamottiana",0.166666666666667,0.0380217660834826,0.230829057983115,0.229042824941675
"Gorbea","2021","2","6","Pedicularis sylvatica subsp. sylvatica",0.0833333333333333,0.0163286464070498,0.129663981267384,0.347593658601973
"Gorbea","2021","2","6","Pilosella officinarum",0.0833333333333333,0,0.713054273070455,-0.809491404792032
"Gorbea","2021","2","6","Plantago sp.",0.0833333333333333,0.0163286464070498,0.129663981267384,0.467657388240512
"Gorbea","2021","2","6","Ranunculus repens",0.666666666666667,0.0553386100422964,0.397392575802623,2.31058095402861
"Gorbea","2021","2","6","Taraxacum sp.",0.0833333333333333,0,0.713054273070455,-0.720458518568334
"Gorbea","2021","2","6","Trifolium repens",0.0833333333333333,0.0170249764276336,0.81895740321996,-0.333228682320885
"Gorbea","2021","2","6","Veronica officinalis",0.0833333333333333,0,0.713054273070455,-0.726500243662135
"Gorbea","2021","3","1","Lathyrus linifolius",0.75,1,0.598429860057798,0.292123466737745
"Gorbea","2021","3","1","Potentilla montana",0.25,1,0.5,0.684684455119312
"Gorbea","2021","3","1","Scilla verna",0.25,0,1,-0.8741776782862
"Gorbea","2021","3","2","Lathyrus linifolius",0.333333333333333,NA,NA,-1.00191877375032
"Gorbea","2021","3","2","Scilla verna",0.666666666666667,NA,NA,-0.913933112783925
"Gorbea","2021","3","3","Bellis perennis",0.428571428571429,0.205128205128205,0.421570550852573,0.525248709784981
"Gorbea","2021","3","3","Lathyrus linifolius",0.142857142857143,0,1,-1.22442069114697
"Gorbea","2021","3","3","Potentilla erecta",0.285714285714286,0.380090497737557,0.204283105208348,0.96587272805024
"Gorbea","2021","3","3","Potentilla montana",0.571428571428571,0.461538461538462,0.0999235437404085,0.611067839239348
"Gorbea","2021","3","3","Ranunculus repens",0.142857142857143,0.205128205128205,0.186210703646724,1.22811023661378
"Gorbea","2021","3","4","Bellis perennis",0.571428571428571,0.142901330034024,0.183094904901248,0.645408356087758
"Gorbea","2021","3","4","Lathyrus linifolius",0.142857142857143,0,1,-0.924277508530878
"Gorbea","2021","3","4","Pilosella officinarum",0.142857142857143,0.0935192780968006,0.840216267316361,-1.20899924980464
"Gorbea","2021","3","4","Potentilla erecta",0.142857142857143,0.0528301886792453,0.25,0.270136569673518
"Gorbea","2021","3","4","Potentilla montana",0.142857142857143,0.113207547169811,0.588728727926402,0.149094132158073
"Gorbea","2021","3","4","Ranunculus repens",0.714285714285714,0.14477503628447,0.311755324300946,1.52357380234329
"Gorbea","2021","3","5","Bellis perennis",0.363636363636364,0.204499528492523,0.624667711559024,0.881019281378313
"Gorbea","2021","3","5","Helianthemum nummularium",0.0909090909090909,0.0491452991452991,0,0.0999339055663598
"Gorbea","2021","3","5","Hippocrepis comosa",0.0909090909090909,0,1,-1.01052182978023
"Gorbea","2021","3","5","Lathyrus linifolius",0.0909090909090909,0,0.61223806496151,-0.934832579102389
"Gorbea","2021","3","5","Lotus corniculatus",0.0909090909090909,0.0491452991452991,0,0.0470859831381746
"Gorbea","2021","3","5","Pedicularis sylvatica subsp. sylvatica",0.0909090909090909,0,0.830318212662808,-1.03650894825892
"Gorbea","2021","3","5","Pilosella officinarum",0.0909090909090909,0.0491452991452991,0,-0.157157158619016
"Gorbea","2021","3","5","Potentilla erecta",0.272727272727273,0.118728246842126,0,0.892077347562196
"Gorbea","2021","3","5","Potentilla montana",0.0909090909090909,0.0475154550434306,0.313179096400337,-0.717315663284378
"Gorbea","2021","3","5","Ranunculus repens",0.545454545454545,0.501345352462918,0.347826434259483,1.41188628135385
"Gorbea","2021","3","5","Thymus praecox subsp. polytrichus",0.0909090909090909,0.0491452991452991,0,-0.00221302889482736
"Gorbea","2021","3","5","Vicia pyrenaica",0.0909090909090909,0,1,-0.882846545786952
"Gorbea","2021","3","6","Bellis perennis",0.333333333333333,0.119487908961593,0.439845382108605,0.536860210206845
"Gorbea","2021","3","6","Helianthemum nummularium",0.0666666666666667,0.0493537015276146,0.583710336134201,0.288213522634788
"Gorbea","2021","3","6","Lotus corniculatus",0.0666666666666667,0,1,-1.11815721427374
"Gorbea","2021","3","6","Medicago lupulina",0.0666666666666667,0.0638228590035819,0.583710336134201,-0.680510695756158
"Gorbea","2021","3","6","Potentilla erecta",0.0666666666666667,0,1,-0.901846421681236
"Gorbea","2021","3","6","Potentilla montana",0.0666666666666667,0.0504504504504505,0,-0.0190548926156146
"Gorbea","2021","3","6","Prunella grandiflora",0.2,0,0.861104790314909,-0.0636100379453055
"Gorbea","2021","3","6","Ranunculus repens",0.333333333333333,0.129202373104812,0.434531006119433,0.817094347194635
"Gorbea","2021","3","6","Thymus praecox subsp. polytrichus",0.0666666666666667,0.0638228590035819,0.583710336134201,-0.776336063661328
"Gorbea","2021","3","6","Trifolium repens",0.133333333333333,0,0.861104790314909,0.106406987799419
"Gorbea","2021","3","7","Bellis perennis",0.0769230769230769,0,1,-0.939016894987252
"Gorbea","2021","3","7","Helianthemum nummularium",0.153846153846154,0.0590909090909091,0.366014999711538,-0.130830632696817
"Gorbea","2021","3","7","Lotus corniculatus",0.307692307692308,0.0286764705882353,0.921598681303117,-0.341516728841602
"Gorbea","2021","3","7","Pilosella officinarum",0.230769230769231,0.05,0.392555386676547,0.917932626461655
"Gorbea","2021","3","7","Potentilla erecta",0.0769230769230769,0.0609375,0.355332320059283,0.319741887422107
"Gorbea","2021","3","7","Prunella grandiflora",0.307692307692308,0.0672413793103448,0.615076288544517,0.31427797118148
"Gorbea","2021","3","7","Ranunculus ficaria",0.0769230769230769,0.040625,0,0.150591335659927
"Gorbea","2021","3","7","Ranunculus repens",0.153846153846154,0.0722222222222222,0.286397978252132,1.04360441015844
"Gorbea","2021","3","7","Trifolium pratense",0.153846153846154,0.0464285714285714,0.822333839970358,-0.695540228368925
"Gorbea","2021","3","7","Trifolium repens",0.153846153846154,0.0414893617021277,0.483007499855769,0.0113305771888833
"Gorbea","2021","1","1","Bellis perennis",0.166666666666667,0.116883116883117,0.287585625783956,-0.322465507427062
"Gorbea","2021","1","1","Helleborus viridis subsp. occidentalis",0.333333333333333,0.122448979591837,0.801315421306442,-0.430170860716871
"Gorbea","2021","1","1","Ranunculus ficaria",0.166666666666667,0.111801242236025,0,-0.229988201851953
"Gorbea","2021","1","1","Taraxacum sp.",0.833333333333333,0.428571428571429,0.465296583657709,1.75568417233476
"Gorbea","2021","1","2","Bellis perennis",0.125,0,1,-1.69970313347396
"Gorbea","2021","1","2","Helleborus viridis subsp. occidentalis",0.25,0.25,0.171855509242725,-0.53693693999346
"Gorbea","2021","1","2","Taraxacum sp.",0.75,1.75,0.448942628532088,0.33045033597846
"Gorbea","2021","1","3","Bellis perennis",0.363636363636364,0.2,0.817614504527742,0.239922183376947
"Gorbea","2021","1","3","Erysimum gorbeanum",0.0909090909090909,0,1,-0.987234667549976
"Gorbea","2021","1","3","Hutchinsia alpina",0.0909090909090909,0.2,0.744041975190184,0.20934716498531
"Gorbea","2021","1","3","Primula elatior",0.0909090909090909,0,1,-0.967540880834485
"Gorbea","2021","1","3","Scilla verna",0.181818181818182,0.2,0.661412384802437,0.0547417271116989
"Gorbea","2021","1","3","Taraxacum sp.",0.363636363636364,0.4,0.742106089788094,0.708229885956638
"Gorbea","2021","1","3","Viola riviniana",0.0909090909090909,0,1,-1.23566402612893
"Gorbea","2021","1","4","Bellis perennis",0.285714285714286,0,0.882418602747934,0.141696942980558
"Gorbea","2021","1","4","Erinus alpinus",0.0476190476190476,0.5,0.61223806496151,-0.681241881390343
"Gorbea","2021","1","4","Erysimum gorbeanum",0.19047619047619,0,0.794596140550623,-0.41869597730063
"Gorbea","2021","1","4","Ranunculus repens",0.0476190476190476,0,1,-1.49120052196588
"Gorbea","2021","1","4","Scilla verna",0.0952380952380952,0,1,-1.62665751559448
"Gorbea","2021","1","4","Taraxacum sp.",0.142857142857143,0,0.951209898161251,-0.520300883828869
"Gorbea","2021","1","4","Veronica sp.",0.0952380952380952,0.5,0.770122640636591,-0.553279896558936
"Gorbea","2021","1","4","Vicia pyrenaica",0.285714285714286,0.5,0.92175406751767,-0.15060483445046
"Gorbea","2021","1","5","Bellis perennis",0.4,0.0532128514056225,0.839192320566233,0.436255210014256
"Gorbea","2021","1","5","Erysimum gorbeanum",0.1,0.0342422320862397,0.554881260846844,0.292780439605116
"Gorbea","2021","1","5","Geranium robertianum",0.1,0.0342422320862397,0.554881260846844,0.196700814896283
"Gorbea","2021","1","5","Ranunculus repens",0.3,0.0813253012048193,0.67843203684397,1.22973249263679
"Gorbea","2021","1","5","Taraxacum sp.",0.4,0.0464716006884682,0.39962639055175,1.27951770191774
"Gorbea","2021","1","5","Vicia pyrenaica",0.3,0.0867469879518072,0.929897393409009,0.0914817738322393
"Gorbea","2021","1","6","Bellis perennis",0.454545454545455,0.787256820909887,0.638274081760172,0.757761899567522
"Gorbea","2021","1","6","Geranium robertianum",0.0909090909090909,0,1,-1.10326772637807
"Gorbea","2021","1","6","Hutchinsia alpina",0.0909090909090909,0.0303564168586529,0,-0.14399134743778
"Gorbea","2021","1","6","Medicago lupulina",0.0909090909090909,0.0303564168586529,0,-0.263994832408875
"Gorbea","2021","1","6","Pilosella officinarum",0.0909090909090909,0.0602852785502826,0.199807071848241,-0.250682754574358
"Gorbea","2021","1","6","Ranunculus repens",0.454545454545455,0.083756440566036,0.571558477032176,-0.378693379881937
"Gorbea","2021","1","6","Taraxacum sp.",0.272727272727273,0.0838827040188803,0.506638454465049,0.0889244960067577
"Gorbea","2021","1","6","Vicia pyrenaica",0.181818181818182,0,1,-1.11157415024754
"Gorbea","2021","5","2","Pedicularis sylvatica subsp. sylvatica",0.333333333333333,NA,1,-1.0537387534651
"Gorbea","2021","5","2","Scilla verna",0.666666666666667,NA,1,-0.928619775299318
"Gorbea","2021","5","3","Pedicularis sylvatica subsp. sylvatica",0.142857142857143,0,1,-0.645808762772594
"Gorbea","2021","5","3","Polygala vulgaris",0.142857142857143,0,1,-0.759918401001389
"Gorbea","2021","5","3","Potentilla erecta",0.428571428571429,1,0.5,0.435746125490323
"Gorbea","2021","5","3","Ranunculus repens",0.428571428571429,1,0.5,0.333827517500896
"Gorbea","2021","5","3","Scilla verna",0.142857142857143,0,1,-0.696578141496578
"Gorbea","2021","5","4","Pedicularis sylvatica subsp. sylvatica",0.25,0,1,-1.02762508473514
"Gorbea","2021","5","4","Potentilla erecta",0.5,0.3,0,-1.15698947432422
"Gorbea","2021","5","4","Ranunculus repens",0.5,0.9,0.357524458920352,-1.38391806666046
"Gorbea","2021","5","4","Scilla verna",0.25,0,1,-0.987767675439823
"Gorbea","2021","5","4","Scorzonera humilis",0.5,0.3,0,-1.24351828193128
"Gorbea","2021","5","5","Bellis perennis",0.5,1.84615384615385,0.853313819651866,-0.202292309677451
"Gorbea","2021","5","5","Myosotis lamottiana",0.125,0.153846153846154,0,0.0692688105075445
"Gorbea","2021","5","5","Ranunculus repens",0.25,0,1,-1.12949862979389
"Gorbea","2021","5","5","Taraxacum sp.",0.25,0,1,-1.0636168683494
"Gorbea","2021","5","6","Daboecia cantabrica",0.0909090909090909,0.0626959247648903,0.784661720963303,-0.513278033882447
"Gorbea","2021","5","6","Potentilla erecta",0.363636363636364,0.126436781609195,0.553002860437239,-0.375754971368971
"Gorbea","2021","5","6","Scorzonera humilis",0.818181818181818,0.114942528735632,0.226859487957081,1.56086085489484
"Gorbea","2021","5","7","Daboecia cantabrica",0.25,0.333333333333333,0,0.685066063684069
"Gorbea","2021","5","7","Erica cinerea",0.25,0,0.72105705434887,0.494336851624068
"Gorbea","2021","5","7","Erica tetralix",0.5,0,0.837923475606878,0.36141001627989
"Gorbea","2021","5","7","Potentilla erecta",0.5,1.66666666666667,0.606218234940774,0.109230922735872
"Gorbea","2021","4","1","Scilla verna",0.333333333333333,NA,NA,-1.05388095691209
"Gorbea","2021","4","1","Taraxacum sp.",0.666666666666667,NA,NA,-0.910473777839038
"Gorbea","2021","4","2","Bellis perennis",0.4,0.0758928571428571,0.346007039854221,-0.477331315785195
"Gorbea","2021","4","2","Potentilla erecta",0.2,0.0390625,0.775756175782425,-0.524073776313107
"Gorbea","2021","4","2","Ranunculus repens",0.4,0.0625,0.626389131845393,0.564910127475012
"Gorbea","2021","4","2","Scilla verna",0.6,0.0754310344827586,0.030877808731477,0.596580114711399
"Gorbea","2021","4","2","Taraxacum sp.",0.4,0.04375,0.855467586841056,-0.74300722787066
"Gorbea","2021","4","3","Bellis perennis",0.142857142857143,0.215384615384615,0.5612532771581,-1.54304420449299
"Gorbea","2021","4","3","Polygala vulgaris",0.285714285714286,0,1,-1.44777374510587
"Gorbea","2021","4","3","Potentilla erecta",0.214285714285714,0.0933333333333333,0.761620267058556,-0.930928125891604
"Gorbea","2021","4","3","Ranunculus repens",0.5,0.186666666666667,0.55621937686337,0.0688570584671088
"Gorbea","2021","4","3","Taraxacum sp.",0.0714285714285714,0.112,0.471679166426281,-0.768426097248832
"Gorbea","2021","4","3","Veronica officinalis",0.142857142857143,0.193103448275862,0.581639606624675,-1.28914644703787
"Gorbea","2021","4","4","Bellis perennis",0.285714285714286,0.102915951972556,0.101167188843563,0.43190204498142
"Gorbea","2021","4","4","Galium saxatila",0.285714285714286,0,1,-0.87575691325099
"Gorbea","2021","4","4","Polygala vulgaris",0.142857142857143,0.283018867924528,0.0154891535060871,1.05746368631748
"Gorbea","2021","4","4","Potentilla erecta",0.285714285714286,0.283018867924528,0.0730307443929517,0.250729134092569
"Gorbea","2021","4","4","Ranunculus repens",0.428571428571429,0.246103363412633,0.0584468836395096,0.747733470777348
"Gorbea","2021","4","4","Veronica officinalis",0.285714285714286,0.330188679245283,0.0701675917789071,-0.0532895816601192
"Gorbea","2021","4","5","Erica tetralix",0.222222222222222,0,1,-1.04684922848274
"Gorbea","2021","4","5","Galium saxatila",0.111111111111111,0.149333333333333,0.392555386676547,1.08607178429864
"Gorbea","2021","4","5","Potentilla erecta",0.333333333333333,0.164705882352941,0.267034509488889,0.757952066508314
"Gorbea","2021","4","5","Ranunculus repens",0.222222222222222,0.191090047393365,0.435497478843189,-0.10863468469285
"Gorbea","2021","4","5","Sedum anglicum",0.222222222222222,0.164705882352941,0.340800959856477,0.745055901001934
"Gorbea","2021","4","5","Taraxacum sp.",0.555555555555556,0.307786259541985,0.185922220906599,0.996428656409136
"Gorbea","2022","1","1","Bellis perennis",0.333333333333333,NA,1,-0.503219608282713
"Gorbea","2022","1","1","Potentilla sterilis",0.333333333333333,NA,1,-0.513571787446744
"Gorbea","2022","1","1","Taraxacum officinale",0.333333333333333,NA,1,-0.570558718899071
"Gorbea","2022","1","2","Bellis perennis",0.2,1.75,0.923266738448449,-0.614551270435834
"Gorbea","2022","1","2","Helleborus viridis subsp. occidentalis",0.5,0,0.864324105088629,-0.120445590908133
"Gorbea","2022","1","2","Hutchinsia alpina",0.1,0.25,0.212051394888419,-0.220430806883559
"Gorbea","2022","1","2","Taraxacum officinale",0.2,0,1,-1.23597734950357
"Gorbea","2022","1","2","Vicia pyrenaica",0.1,0,1,-1.1305929620263
"Gorbea","2022","1","2","Viola riviniana",0.1,0,0.175199485203558,0.413210081546157
"Gorbea","2022","1","3","Bellis perennis",0.333333333333333,0.0622222222222222,0.75,-0.918139140743822
"Gorbea","2022","1","3","Helleborus viridis subsp. occidentalis",0.666666666666667,0.155555555555556,0.192486120916167,0.446828706973956
"Gorbea","2022","1","3","Taraxacum officinale",0.666666666666667,0.186666666666667,0.0866317019806238,0.738804775324178
"Gorbea","2022","1","3","Vicia pyrenaica",0.333333333333333,0.056,0,0.456304351542223
"Gorbea","2022","1","3","Viola riviniana",0.333333333333333,0.14,0.029728217522908,0.665312322028023
"Gorbea","2022","1","4","Bellis perennis",0.416666666666667,0.112813095785944,0.487586507718484,0.64860442579731
"Gorbea","2022","1","4","Erysimum gorbeanum",0.0833333333333333,0,1,-0.612903843974313
"Gorbea","2022","1","4","Helleborus viridis subsp. occidentalis",0.25,0.141261696347721,0.647867166180513,0.803407855142601
"Gorbea","2022","1","4","Hutchinsia alpina",0.0833333333333333,0.0274599542334096,0,0.422788437288953
"Gorbea","2022","1","4","Pinguicula grandiflora",0.0833333333333333,0.0274599542334096,0,0.509735885019975
"Gorbea","2022","1","4","Scilla verna",0.166666666666667,0.0444528875379939,0.357325744520506,-0.445767549989928
"Gorbea","2022","1","4","Taraxacum officinale",0.666666666666667,0.126384012962463,0.28869493947545,2.49668048312401
"Gorbea","2022","1","4","Vicia pyrenaica",0.0833333333333333,0.106242905788876,0.617546179147702,0.302386378345275
"Gorbea","2022","1","5","Bellis perennis",0.25,0.197849659567639,0.665853929969757,0.746740089922855
"Gorbea","2022","1","5","Erinus alpinus",0.125,0,0.579543216992229,0.243659861098563
"Gorbea","2022","1","5","Geranium robertianum",0.0625,0.0220747790187401,0.557553321965806,-0.304634192699665
"Gorbea","2022","1","5","Hutchinsia alpina",0.0625,0.024108488196886,0,0.790733985330256
"Gorbea","2022","1","5","Medicago lupulina",0.1875,0.0528968052069237,0.33559449713116,0.862708175090334
"Gorbea","2022","1","5","Ranunculus sp.",0.3125,0.0776916260110671,0.425192493236478,1.55566233551459
"Gorbea","2022","1","5","Taraxacum officinale",0.5,0.124360443350313,0.431106311879797,2.09170936383278
"Gorbea","2022","1","5","Vicia pyrenaica",0.25,0,0.963159476318423,-0.0434540756633466
"Gorbea","2022","1","6"," Thymus praecox subsp. polytrichus",0.153846153846154,0.0695366169072412,0.195680489036586,-1.29763407086276
"Gorbea","2022","1","6","Bellis perennis",0.384615384615385,0.879059735692411,0.406080649351396,0.904584115425956
"Gorbea","2022","1","6","Erinus alpinus",0.0769230769230769,0,0.819968673343307,-1.3043305226977
"Gorbea","2022","1","6","Lotus corniculatus",0.153846153846154,0,0.620225696402536,-0.385666754897017
"Gorbea","2022","1","6","Medicago lupulina",0.230769230769231,0.153256704980843,0.194391220955343,-0.434466829032249
"Gorbea","2022","1","6","Pilosella officinarum",0.0769230769230769,0,0.819968673343307,-1.07061062009569
"Gorbea","2022","1","6","Ranunculus ficaria",0.0769230769230769,0.0246305418719212,0,0.538215574024239
"Gorbea","2022","1","6","Ranunculus sp.",0.461538461538462,0.202820262141875,0.424635876411655,0.380433790835297
"Gorbea","2022","1","6","Vicia pyrenaica",0.153846153846154,0,0.952112559532168,-0.433874404489903
"Gorbea","2022","1","7"," Thymus praecox subsp. polytrichus",0.294117647058824,0.0631631558305593,0.171328223520451,0.316523621205316
"Gorbea","2022","1","7","Bellis perennis",0.588235294117647,0.078396742501756,0.292481866703761,2.01391552371028
"Gorbea","2022","1","7","Cerastium fontanum",0.0588235294117647,0.0119524689119301,0.546532788954023,-1.86118906506188
"Gorbea","2022","1","7","Dianthus hyssopifolius subsp. Hyssopifolius",0.0588235294117647,0.0131155508179037,0.721957852535978,0.335201578610447
"Gorbea","2022","1","7","Galium mollugo",0.117647058823529,0.0328778859844884,0.0537278684448409,0.955049432069674
"Gorbea","2022","1","7","Geranium robertianum",0.117647058823529,0,1,-0.779357663766201
"Gorbea","2022","1","7","Linaria propinqua",0.0588235294117647,0,0.611099311929245,-0.032186162700933
"Gorbea","2022","1","7","Lotus corniculatus",0.176470588235294,0,0.7205569361255,0.513706733788989
"Gorbea","2022","1","7","Medicago lupulina",0.176470588235294,0.0325820456956849,0.381914269136883,-0.369387927273783
"Gorbea","2022","1","7","Plantago sp.",0.0588235294117647,0.011885717994062,0.195682661790114,0.341560636060994
"Gorbea","2022","1","7","Polygala vulgaris",0.0588235294117647,0.011839530332681,0,1.02876477158362
"Gorbea","2022","1","7","Prunella vulgaris",0.117647058823529,0,0.708324483946934,0.178325085724863
"Gorbea","2022","1","7","Ranunculus sp.",0.176470588235294,0.057397707225277,0.557390041140911,-0.114292328278428
"Gorbea","2022","1","7","Trifolium pratense",0.0588235294117647,0,0.805549655964622,-0.431884376518763
"Gorbea","2022","1","7","Vicia pyrenaica",0.0588235294117647,0,0.7764455489004,-0.144690929405796
"Gorbea","2022","2","1","Helleborus viridis subsp. occidentalis",0.666666666666667,0.865384615384615,0.113524973135111,-0.376660179712147
"Gorbea","2022","2","1","Hepatica nobilis",0.333333333333333,0.230769230769231,0,0.884357929882706
"Gorbea","2022","2","1","Potentilla sterilis",0.666666666666667,0.346153846153846,0,-0.283030876240313
"Gorbea","2022","2","1","Ranunculus ficaria",0.333333333333333,0,1,-1.11391691191229
"Gorbea","2022","2","2","Bellis perennis",0.583333333333333,0.164469090162251,0.299616798322664,2.05164157410043
"Gorbea","2022","2","2","Helleborus viridis subsp. occidentalis",0.0833333333333333,0,1,-1.01297379813735
"Gorbea","2022","2","2","Hepatica nobilis",0.0833333333333333,0.0296296296296296,0,1.01026708890932
"Gorbea","2022","2","2","Potentilla sterilis",0.25,0.128780487804878,0.303862988714395,0.933733150325594
"Gorbea","2022","2","2","Ranunculus ficaria",0.0833333333333333,0.0312267657992565,0.649620693577789,-0.559803392090297
"Gorbea","2022","2","2","Taraxacum officinale",0.666666666666667,0.17319587628866,0.301831854242306,2.46539529342041
"Gorbea","2022","2","3","Bellis perennis",0.25,0.300540973752755,0.521954616505917,0.209184682815917
"Gorbea","2022","2","3","Cardamine pratensis",0.0833333333333333,0,1,-1.83625938960764
"Gorbea","2022","2","3","Helleborus viridis subsp. occidentalis",0.0833333333333333,0.0496277915632754,0.353984985057691,-0.593227212978452
"Gorbea","2022","2","3","Taraxacum officinale",0.916666666666667,0.341555977229602,0.276280401850864,1.92683840610433
"Gorbea","2022","2","3","Viola riviniana",0.166666666666667,0.0936524453694069,0.593254878587911,-0.417355041962997
"Gorbea","2022","2","4","Bellis perennis",0.461538461538462,0.318475179443875,0.492815129966457,1.04133808573006
"Gorbea","2022","2","4","Cardamine pratensis",0.230769230769231,0,1,-0.902573158877138
"Gorbea","2022","2","4","Hutchinsia alpina",0.0769230769230769,0,1,-0.994941003698495
"Gorbea","2022","2","4","Myosotis lamottiana",0.0769230769230769,0.0847457627118644,0,0.585738123509467
"Gorbea","2022","2","4","Orchis mascula",0.0769230769230769,0.0847457627118644,0,0.553267929671687
"Gorbea","2022","2","4","Ranunculus sp.",0.384615384615385,0.211864406779661,0.318414488824675,0.842870883673471
"Gorbea","2022","2","4","Taraxacum officinale",0.461538461538462,0.338983050847458,0.28720788753403,1.00686232406933
"Gorbea","2022","2","5","Ajuga reptans",0.214285714285714,0,0.924302799625924,-0.0768049662955795
"Gorbea","2022","2","5","Bellis perennis",0.5,0.264706691235115,0.178074511442515,2.29887676721275
"Gorbea","2022","2","5","Fragaria vesca",0.0714285714285714,0.0345651080945199,0.192918215239697,1.7473960915545
"Gorbea","2022","2","5","Hypochaeris radicata",0.142857142857143,0.111421741420526,0.379693149367282,0.814013182263573
"Gorbea","2022","2","5","Myosotis lamottiana",0.357142857142857,0.198314950292486,0.21777728473114,1.33908450322287
"Gorbea","2022","2","5","Potentilla erecta",0.285714285714286,0.114483160567836,0.165251716348502,1.79737203932058
"Gorbea","2022","2","5","Ranunculus sp.",0.357142857142857,0.0799119930258624,0.269805028518842,1.53084054721739
"Gorbea","2022","2","5","Veronica chamaedrys",0.0714285714285714,0.0320689023272861,0,0.784483074919187
"Gorbea","2022","2","5","Veronica officinalis",0.214285714285714,0.0786478293199108,0.237799058946407,1.26855621048821
"Gorbea","2022","2","5","Vicia sp.",0.0714285714285714,0,0.654312875956595,-0.0445480649118033
"Gorbea","2022","2","6","Bellis perennis",0.461538461538462,0.0554903112155021,0.502026429122516,0.794418079659071
"Gorbea","2022","2","6","Geranium robertianum",0.0769230769230769,0.0231504164625184,0.594316128917787,-0.960765700202376
"Gorbea","2022","2","6","Lotus corniculatus",0.153846153846154,0.0435283279594657,0.599192476464852,-0.240272511307903
"Gorbea","2022","2","6","Myosotis lamottiana",0.230769230769231,0.0416574829182279,0.167176061965438,0.277851919803475
"Gorbea","2022","2","6","Plantago sp.",0.0769230769230769,0.0238726790450928,0,0.996995486270257
"Gorbea","2022","2","6","Potentilla erecta",0.153846153846154,0.0289035020645359,0.240283463804382,-0.0631475774014593
"Gorbea","2022","2","6","Ranunculus sp.",0.538461538461538,0.0534174949361722,0.412441890423144,1.5499106558367
"Gorbea","2022","2","6","Trifolium repens",0.0769230769230769,0.0239053903071442,0.744041975190185,-0.499117321018331
"Gorbea","2022","2","6","Veronica officinalis",0.153846153846154,0.0216668577324315,0.780743912860204,-0.797015419168733
"Gorbea","2022","2","6","Vicia sp.",0.0769230769230769,0.0231504164625184,0.594316128917787,-0.850089213982438
"Gorbea","2022","2","7","Bellis perennis",0.714285714285714,0.137206183073506,0.28987133897264,1.34788352824066
"Gorbea","2022","2","7","Myosotis lamottiana",0.285714285714286,0.0619914761720263,0,-0.107190946398932
"Gorbea","2022","2","7","Plantago sp.",0.142857142857143,0.0300782323254233,0.574507892893274,0.0111010093993136
"Gorbea","2022","2","7","Potentilla erecta",0.285714285714286,0.0371948857032158,0.581093563110916,0.17162978022094
"Gorbea","2022","2","7","Ranunculus sp.",0.285714285714286,0.0898876404494382,0.156259401776547,-0.0557572268515418
"Gorbea","2022","2","7","Trifolium repens",0.285714285714286,0.0192616372391653,0.802432082689209,-0.735541788089619
"Gorbea","2022","4","2","Bellis perennis",0.222222222222222,0.266666666666667,0.384939607886966,-0.0773713400552139
"Gorbea","2022","4","2","Scilla verna",0.222222222222222,0.16,0.827804566205902,-1.6666014250379
"Gorbea","2022","4","2","Taraxacum officinale",0.666666666666667,0.3,0.654378864686388,-0.38951686078596
"Gorbea","2022","4","2","Vaccinium myrtillus",0.111111111111111,0,1,-1.33835339218481
"Gorbea","2022","4","3","Bellis perennis",0.444444444444444,0.256,0.620132419157532,0.27800487887924
"Gorbea","2022","4","3","Potentilla erecta",0.333333333333333,0.174545454545455,0.343335747752738,-0.432536514462819
"Gorbea","2022","4","3","Scilla verna",0.111111111111111,0.182857142857143,0.760435559886395,-1.44217068136206
"Gorbea","2022","4","3","Taraxacum officinale",0.777777777777778,0.194782608695652,0.686265218722953,0.722291679376244
"Gorbea","2022","4","4","Bellis perennis",0.125,0.102127659574468,0,-0.569695497261236
"Gorbea","2022","4","4","Lathyrus linifolius",0.125,0,0.613147192765458,-0.996112671972818
"Gorbea","2022","4","4","Pedicularis sylvatica subsp. sylvatica",0.125,0,0.613147192765458,-0.822743713344565
"Gorbea","2022","4","4","Potentilla erecta",0.625,0.275862068965517,0.552206795597836,0.45379862981291
"Gorbea","2022","4","4","Ranunculus sp.",0.375,0.181818181818182,0.324153048786245,-0.0180754114385084
"Gorbea","2022","4","4","Taraxacum officinale",0.5,0.358208955223881,0.658689851089755,0.737050646778235
"Gorbea","2022","4","5","Polygala vulgaris",0.285714285714286,0.19047619047619,0.140281300147803,0.705263403547015
"Gorbea","2022","4","5","Potentilla erecta",0.428571428571429,0.285714285714286,0.47870397138568,0.480203407810575
"Gorbea","2022","4","5","Ranunculus sp.",0.285714285714286,0.228571428571429,0.386852807234541,-0.200516836309707
"Gorbea","2022","4","5","Veronica officinalis",0.428571428571429,0.114285714285714,0.806573596382729,-0.319146125436981
"Gorbea","2022","4","6","Bellis perennis",0.111111111111111,0.3125,0.279149608586854,0.771283223328351
"Gorbea","2022","4","6","Erica cinerea",0.222222222222222,0,0.822816179864442,-0.235801903183007
"Gorbea","2022","4","6","Erica tetralix",0.111111111111111,0,0.698970004336019,-0.25010145142644
"Gorbea","2022","4","6","Galium mollugo",0.222222222222222,0.227272727272727,0.036386914251926,1.20425149471701
"Gorbea","2022","4","6","Potentilla erecta",0.333333333333333,0.333333333333333,0.288447339676059,1.06605904171293
"Gorbea","2022","4","6","Taraxacum sp.",0.666666666666667,0.223214285714286,0.450430428305271,1.43459050624429
"Gorbea","2022","4","6","Veronica officinalis",0.111111111111111,0.104166666666667,0,0.740104539390566
"Gorbea","2022","4","7","Bellis perennis",0.0769230769230769,0.136363636363636,0,-0.911552635799261
"Gorbea","2022","4","7","Erica cinerea",0.615384615384615,0,0.758720409815404,0.322044303926596
"Gorbea","2022","4","7","Erica tetralix",0.153846153846154,0,0.425407125746528,0.579778412015686
"Gorbea","2022","4","7","Galium mollugo",0.0769230769230769,0.272727272727273,0.149185748506944,-0.768783058304654
"Gorbea","2022","4","7","Polygala vulgaris",0.0769230769230769,0,1,-1.23396000309598
"Gorbea","2022","4","7","Potentilla erecta",0.230769230769231,1.09090909090909,0.612358708538407,-0.542129200404905
"Gorbea","2022","4","7","Taraxacum sp.",0.0769230769230769,0,1,-1.44956603555136
"Gorbea","2022","5","3","Pedicularis sylvatica subsp. sylvatica",0.25,0,1,-1.67541765994543
"Gorbea","2022","5","3","Potentilla erecta",0.125,1.33333333333333,0.731491384062898,-0.202568235450851
"Gorbea","2022","5","3","Scilla verna",0.75,0.666666666666667,0.602660777625167,-0.144907971258966
"Gorbea","2022","5","4","Daboecia cantabrica",0.0666666666666667,0,1,-1.10394938270032
"Gorbea","2022","5","4","Pedicularis sylvatica subsp. sylvatica",0.266666666666667,0,1,-1.08751165264808
"Gorbea","2022","5","4","Potentilla erecta",0.466666666666667,0.233698487219614,0.39704541647082,1.06844554429981
"Gorbea","2022","5","4","Ranunculus sp.",0.0666666666666667,0.167601945379723,0.78570571386068,-0.211495370970049
"Gorbea","2022","5","4","Scilla verna",0.266666666666667,0.161616161616162,0.40269331407894,0.327054851609777
"Gorbea","2022","5","4","Scorzonera humilis",0.133333333333333,0.0740740740740741,0.366338501827267,-0.329284785836752
"Gorbea","2022","5","5","Daboecia cantabrica",0.1875,0.0979591836734694,0.621157929354434,0.044798909090543
"Gorbea","2022","5","5","Pedicularis sylvatica subsp. sylvatica",0.0625,0.104956268221574,0.673901429578212,-0.432993981455033
"Gorbea","2022","5","5","Potentilla erecta",0.25,0.104471705579739,0.695158872621965,-0.0374726636794406
"Gorbea","2022","5","5","Ranunculus sp.",0.3125,0.131945022907122,0.636748500517234,-0.170357531408488
"Gorbea","2022","5","5","Scorzonera humilis",0.5625,0.0979591836734694,0.489305845744995,0.985976031395799
"Gorbea","2022","5","6","Daboecia cantabrica",0.444444444444444,0.0952380952380952,0.798484858099498,-0.375071773756345
"Gorbea","2022","5","6","Erica tetralix",0.111111111111111,0.101587301587302,0.684535123214271,-2.06579238101217
"Gorbea","2022","5","6","Potentilla erecta",0.444444444444444,0.217687074829932,0.196630181469298,-0.44401093331485
"Gorbea","2022","5","6","Ranunculus sp.",0.333333333333333,0.211640211640212,0.57838846691951,-1.16346032356124
"Gorbea","2022","5","6","Scorzonera humilis",0.222222222222222,0,1,-1.64986367643601
"Gorbea","2022","5","7","Erica cinerea",0.428571428571429,0,1,-1.13852772555265
"Gorbea","2022","5","7","Potentilla erecta",0.428571428571429,1.93548387096774,0.856091324106637,-0.306287323962248
"Gorbea","2022","5","7","Taraxacum sp.",0.285714285714286,0.0645161290322581,0.50985925482779,-0.0848248272133028
"Gorbea","2022","3","1","Bellis perennis",0.1,0.0581818181818182,0.386852807234542,-0.253583707571891
"Gorbea","2022","3","1","Helleborus viridis subsp. occidentalis",0.1,0.0692640692640693,0.226294385530917,0.448782290183214
"Gorbea","2022","3","1","Hippocrepis comosa",0.1,0,1,-0.715511302161846
"Gorbea","2022","3","1","Lathyrus linifolius",0.2,0.111888111888112,0.861098992885067,0.0507274754830398
"Gorbea","2022","3","1","Potentilla erecta",0.2,0.0808080808080808,0,-0.426330233202454
"Gorbea","2022","3","1","Potentilla montana",0.1,0.0632411067193676,0.386852807234542,0.0219704082596148
"Gorbea","2022","3","1","Scilla verna",0.8,0.140762463343109,0.433879952289557,1.7018712270974
"Gorbea","2022","3","1","Taraxacum officinale",0.2,0.0890538033395176,0.203795047090506,0.406787065368069
"Gorbea","2022","3","2","Bellis perennis",0.333333333333333,NA,NA,-0.632410229799743
"Gorbea","2022","3","2","Helleborus viridis subsp. occidentalis",0.333333333333333,NA,NA,-0.469017647120966
"Gorbea","2022","3","2","Lathyrus linifolius",0.333333333333333,NA,NA,-0.689360057713513
"Gorbea","2022","3","3","Bellis perennis",0.142857142857143,0,1,-0.780189497605494
"Gorbea","2022","3","3","Hippocrepis comosa",0.142857142857143,0,1,-0.756385878265269
"Gorbea","2022","3","3","Lathyrus linifolius",0.285714285714286,0,0.462756426319518,0.0357429455403422
"Gorbea","2022","3","3","Pilosella officinarum",0.142857142857143,0.244897959183673,0.317393805514015,-0.414140142098817
"Gorbea","2022","3","3","Potentilla montana",0.285714285714286,0.685714285714286,0.612280013389412,0.435315414217832
"Gorbea","2022","3","3","Ranunculus sp.",0.285714285714286,0.228571428571429,0.537243573680482,-0.670961023995296
"Gorbea","2022","3","3","Vicia pyrenaica",0.142857142857143,0,0.793265393723166,0.706164468667032
"Gorbea","2022","3","4"," Thymus praecox subsp. polytrichus",0.0833333333333333,0,1,-1.24772697563644
"Gorbea","2022","3","4","Bellis perennis",0.166666666666667,0.149068322981366,0.193999638973595,0.443437134114953
"Gorbea","2022","3","4","Helianthemum nummularium",0.166666666666667,0.108695652173913,0.675042382524732,-0.588670424742143
"Gorbea","2022","3","4","Hippocrepis comosa",0.0833333333333333,0,1,-1.05163752793043
"Gorbea","2022","3","4","Lotus corniculatus",0.0833333333333333,0,1,-0.875250778296489
"Gorbea","2022","3","4","Pilosella officinarum",0.0833333333333333,0,1,-0.940192366788122
"Gorbea","2022","3","4","Potentilla erecta",0.25,0.186335403726708,0.219905337268893,0.476429016264158
"Gorbea","2022","3","4","Potentilla montana",0.0833333333333333,0.208695652173913,0.632799566768314,0.876612061550545
"Gorbea","2022","3","4","Ranunculus sp.",0.416666666666667,0.189723320158103,0.272208270003705,1.1032023749361
"Gorbea","2022","3","4","Vicia pyrenaica",0.166666666666667,0,1,-1.22960974043587
"Gorbea","2022","3","5"," Thymus praecox subsp. polytrichus",0.181818181818182,0.194444444444444,0.294057519104477,0.467053590715694
"Gorbea","2022","3","5","Bellis perennis",0.0909090909090909,0.194444444444444,0.353984985057691,0.0484631176988222
"Gorbea","2022","3","5","Helianthemum nummularium",0.181818181818182,0,1,-1.23552579954962
"Gorbea","2022","3","5","Lotus corniculatus",0.454545454545455,0.12962962962963,0.664685093387436,0.510322107831594
"Gorbea","2022","3","5","Potentilla erecta",0.0909090909090909,0.194444444444444,0.461195203304334,0.130565219649646
"Gorbea","2022","3","5","Ranunculus sp.",0.363636363636364,0.291666666666667,0.466962546267966,0.921353777560096
"Gorbea","2022","3","5","Trifolium repens",0.0909090909090909,0,1,-0.998372458231787
"Gorbea","2022","3","6"," Thymus praecox subsp. polytrichus",0.3,0.0730752501087429,0.604933815569822,-0.415803444100209
"Gorbea","2022","3","6","Bellis perennis",0.1,0.0458140169075539,0.569323441926607,-1.59731091946304
"Gorbea","2022","3","6","Helianthemum nummularium",0.3,0.0514075887392901,0.375803649418215,-1.13971729804235
"Gorbea","2022","3","6","Lotus corniculatus",0.4,0.0609800362976406,0.683640818120436,-0.515967548635909
"Gorbea","2022","3","6","Plantago sp.",0.1,0.030281182408075,0.569323441926607,-0.788539170440054
"Gorbea","2022","3","6","Teucrium pyrenaicum L. subsp. pyrenaicum",0.2,0.0458140169075539,0.644869023478425,-0.174862507055419
"Gorbea","2022","3","6","Trifolium repens",0.2,0.0401913875598086,0.537243573680482,-0.501960366206923
"Gorbea","2022","3","6","Vicia pyrenaica",0.1,0.0323886639676113,0.138646883853214,-1.14633244117388
"Gorbea","2022","3","7"," Thymus praecox subsp. polytrichus",0.0833333333333333,0.0762423417290674,0.205561833741771,0.733695511265002
"Gorbea","2022","3","7","Achillea millefolium",0.25,0.0795040461880649,0.371243608473054,0.710965288712344
"Gorbea","2022","3","7","Bellis perennis",0.0833333333333333,0.0273546580260683,0.737350464962806,-0.958143426081479
"Gorbea","2022","3","7","Dianthus hyssopifolius subsp. Hyssopifolius",0.0833333333333333,0.0339048041896651,0.583710336134201,-0.186035426939063
"Gorbea","2022","3","7","Helianthemum nummularium",0.0833333333333333,0.033866188239563,0.583710336134201,-0.924257006521269
"Gorbea","2022","3","7","Potentilla erecta",0.0833333333333333,0.037638624397894,0,0.756242915828341
"Gorbea","2022","3","7","Prunella grandiflora",0.333333333333333,0.0748980183232652,0.394056068570757,1.77503730682831
"Gorbea","2022","3","7","Ranunculus sp.",0.0833333333333333,0.037638624397894,0,0.662538610939678
"Gorbea","2022","3","7","Taraxacum sp.",0.416666666666667,0.0965406275140789,0.347644188880097,1.79113982635856
"Gorbea","2022","3","7","Teucrium pyrenaicum L. subsp. pyrenaicum",0.25,0.039646017699115,0.238313197564658,0.6866455632951
"Gorbea","2022","3","7","Trifolium pratense",0.416666666666667,0.0543592564430279,0.661341258394011,1.21074511713757
